absolute_calibration_error,bin,brier,dimension,ece,gt_step,inout_ap,l2,model,motion_residual,n,positive_rate,prediction_step,score_step,sequence_n
0.24944706204538086,all,0.13014660057332295,overall,0.025638608940347845,0.0059218882811410915,0.8987355914488604,0.10301232953128411,baseline_v0_448,0.01977090139258621,31680,0.6463383838383838,0.024704414011822277,0.018064106746422014,131
0.7262591035163984,in_to_out,0.5818638849877609,state,0.7262591035163984,,,,baseline_v0_448,,238,0.0,0.07093097859852368,0.047483473794609155,90
0.30569279988795384,out_to_in,0.15953890920741312,state,0.3056927998879539,,,0.16410733362484337,baseline_v0_448,,251,1.0,0.06339043804821573,0.0652038914652864,96
0.17799204718888098,stable_in,0.060986551541216454,state,0.17799204718888095,0.0059218882811410915,,0.10225411711954203,baseline_v0_448,0.01977090139258621,20225,1.0,0.0159357821255554,0.012036681212614347,119
0.369598323161934,stable_out,0.24722446018635968,state,0.3695983231619339,,,,baseline_v0_448,,10966,0.0,0.03898796913629591,0.02746323004565205,118
0.2453561721711034,stable,0.12646328861930436,regime,0.02357297172404984,0.0059218882811410915,0.9043941129555796,0.10225411711954203,baseline_v0_448,0.01977090139258621,31191,0.6484242249366805,0.02404037264076108,0.017460282075141727,131
0.5103856020629433,switch,0.36508767042566015,regime,0.31126260303759834,,0.49234746410119706,0.16410733362484337,baseline_v0_448,,489,0.5132924335378323,0.0670604761892654,0.056579230104097884,108
0.27024663701996315,1,0.12537127253635558,crowd_bin,0.061769998770851,0.009849467486820297,0.9052872317025424,0.09419231682209234,baseline_v0_448,0.026038594915375756,2450,0.503265306122449,0.03845187519600537,0.025729723292945577,33
0.23790399897909215,2,0.12070717661140695,crowd_bin,0.019505297107764868,0.00520782389374617,0.9205233457688982,0.07489713017022291,baseline_v0_448,0.018980805785844088,10803,0.6498194945848376,0.02521907011257869,0.02217861583846479,64
0.29756643924940474,3,0.1732240236194843,crowd_bin,0.09276341798293321,0.005162841942398025,0.810484043072907,0.10003719996885434,baseline_v0_448,0.017118558921045263,8976,0.5418894830659536,0.02517545814113749,0.01818638062795904,26
0.21147152460874,4,0.10238362710922776,crowd_bin,0.04565114273859701,0.005899276914079686,0.9281753907062752,0.10999221016028021,baseline_v0_448,0.01713110047393069,6468,0.7683982683982684,0.017863609250154993,0.011584178084570244,11
0.2117155829888152,5+,0.09882967595199266,crowd_bin,0.06828257052840779,0.007589927032744574,0.9452336145162253,0.18171672411086998,baseline_v0_448,0.029724059653358104,2983,0.8008716057660074,0.02496493138896289,0.010549807706482384,5
0.2460057967012932,large,0.13195931688910753,head_size_bin,0.04316854676917191,0.005904548115456956,0.8925364349135225,0.08057002675595039,baseline_v0_448,0.016555534554023792,22606,0.5748473856498275,0.02493114150849075,0.01973899457170526,121
0.25667752643503455,medium,0.13072655777405393,head_size_bin,0.03730996444832503,0.00660447071179497,0.9046347726026771,0.14010715379156335,baseline_v0_448,0.025320576613032518,7520,0.8014627659574468,0.023666669620351116,0.013500550038929277,45
0.2645179450300976,small,0.1009705753583143,head_size_bin,0.1726037839875872,0.003263013237105927,0.961718198745563,0.14982609758407547,baseline_v0_448,0.025498770302464543,1554,0.9356499356499357,0.026427989323389533,0.015783175126082495,12
0.18327372216735488,far,0.07656233329717534,target_distance_bin,0.18327372216735485,0.00672395364902266,,0.1347856934244536,baseline_v0_448,0.02523933758824787,4857,1.0,0.02189111976445834,0.014701736617314408,82
0.16673491394337736,medium,0.050592838114759425,target_distance_bin,0.1667349139433774,0.00618873706358071,,0.09214500720998706,baseline_v0_448,0.018250921539886163,10237,1.0,0.014845751209812479,0.012228548747329841,104
0.20059313722813035,near,0.07129601161779833,target_distance_bin,0.20059313722813038,0.0046953140994271565,,0.09500890146996742,baseline_v0_448,0.017747167516152008,5382,1.0,0.014847839020556591,0.011746203271311852,59
0.3771746589102706,out_or_missing,0.25433300919588603,target_distance_bin,0.3771746589102706,,,,baseline_v0_448,,11204,0.0,0.03966651574929218,0.027888508340212188,120
0.23880684258843168,all,0.1402247117194027,overall,0.06211626860179631,0.0059218882811410915,0.886563429534142,0.09879744765033391,learned_sasa_ggsf_512,0.020630248293377396,31680,0.6463383838383838,0.02608174941201801,0.020159632162933417,131
0.7418943070894608,in_to_out,0.6196615836748081,state,0.7418943070894608,,,,learned_sasa_ggsf_512,,238,0.0,0.05279276821876337,0.06542549269007784,90
0.2925609273648639,out_to_in,0.16627239467821228,state,0.29256092736486394,,,0.1591529996946504,learned_sasa_ggsf_512,,251,1.0,0.06268771025298714,0.08149643960423708,96
0.16231029349526596,stable_in,0.0699107528099193,state,0.16231029349526596,0.0059218882811410915,,0.09804841212187292,learned_sasa_ggsf_512,0.020630248293377396,20225,1.0,0.01675530471387763,0.01457924173870878,119
0.36774315606455316,stable_out,0.25890571436359877,state,0.3677431560645531,,,,learned_sasa_ggsf_512,,10966,0.0,0.04186526440133049,0.02806539386790475,118
0.2345355113765395,stable,0.13635680290121646,regime,0.05793921353995553,0.0059218882811410915,0.8921259987348564,0.09804841212187292,learned_sasa_ggsf_512,0.020630248293377396,31191,0.6484242249366805,0.025583358252802578,0.01932064612615269,131
0.5112548831408436,switch,0.3869403435150013,regime,0.35101057469353447,,0.49305869791258233,0.1591529996946504,learned_sasa_ggsf_512,,489,0.5132924335378323,0.05787176709522588,0.07367458814090395,108
0.2589518054448334,1,0.1465303056186711,crowd_bin,0.08458938038860428,0.009849467486820297,0.8927624535422995,0.09149323878061662,learned_sasa_ggsf_512,0.028094134578935424,2450,0.503265306122449,0.042282041868832006,0.027682692726066677,33
0.23009319444329812,2,0.13047119283914566,crowd_bin,0.053426643852877445,0.00520782389374617,0.9297106350851697,0.07420721533463148,learned_sasa_ggsf_512,0.020459131517910865,10803,0.6498194945848376,0.026524507544618853,0.024429084458604776,64
0.28838886219580645,3,0.1822133979136163,crowd_bin,0.12337792705197483,0.005162841942398025,0.7772212197015413,0.09842953901266156,learned_sasa_ggsf_512,0.01823036847156771,8976,0.5418894830659536,0.025893493268160733,0.019985163429954683,26
0.1982469277615655,4,0.11994456724519839,crowd_bin,0.05975783856147316,0.005899276914079686,0.9156727192749273,0.1009618649896628,learned_sasa_ggsf_512,0.018743292632122658,6468,0.7683982683982684,0.019727297518456612,0.012998766282737275,11
0.19256872760957439,5+,0.08799544138420377,crowd_bin,0.033150994683922776,0.007589927032744574,0.9670099461766721,0.17107114954642694,learned_sasa_ggsf_512,0.026103667414690886,2983,0.8008716057660074,0.025517401228691446,0.014570668143661399,5
0.23796681593610872,large,0.14489103882166782,head_size_bin,0.08199325573444306,0.005904548115456956,0.8801347626537304,0.07640906219321372,learned_sasa_ggsf_512,0.017695710059290166,22606,0.5748473856498275,0.027258567948379595,0.021316917182974352,121
0.24147483230632869,medium,0.13281353279341557,head_size_bin,0.04446989816360851,0.00660447071179497,0.8951579391514422,0.13233017624099375,learned_sasa_ggsf_512,0.025070844470512985,7520,0.8014627659574468,0.022007225787439782,0.016761650321906074,45
0.23811595444417674,small,0.10820738549650552,head_size_bin,0.15207287927602858,0.003263013237105927,0.9552839924573424,0.15989463733353182,learned_sasa_ggsf_512,0.028431061023165505,1554,0.9356499356499357,0.02867972741963598,0.01976789360532736,12
0.18594438301526672,far,0.09442461702590337,target_distance_bin,0.18594438301526672,0.00672395364902266,,0.12073394175744195,learned_sasa_ggsf_512,0.028977093676965417,4857,1.0,0.025492007292725164,0.016327778341625226,82
0.14769461837620754,medium,0.0612165822254741,target_distance_bin,0.1476946183762075,0.00618873706358071,,0.08874427648347989,learned_sasa_ggsf_512,0.01738809946786106,10237,1.0,0.013985720693525406,0.014262697359530098,104
0.17485633632254696,near,0.06881918051056449,target_distance_bin,0.17485633632254693,0.0046953140994271565,,0.09812274704774392,learned_sasa_ggsf_512,0.01929168443293645,5382,1.0,0.016280964502283366,0.01672417655727708,59
0.37569102949760635,out_or_missing,0.26656903968456164,target_distance_bin,0.37569102949760635,,,,learned_sasa_ggsf_512,,11204,0.0,0.0420973909551103,0.028859012532638523,120
0.24291182999835875,all,0.142774742179103,overall,0.0626467388110017,0.0059218882811410915,0.8862568044912127,0.09955018662127885,p1a_prior_residual_512,0.021350121842982715,31680,0.6463383838383838,0.02616453616931178,0.02020642692315978,131
0.7204513005763605,in_to_out,0.593762016598333,state,0.7204513005763605,,,,p1a_prior_residual_512,,238,0.0,0.058123319656820646,0.06779842824868842,90
0.31310786434683013,out_to_in,0.18370404424523357,state,0.3131078643468302,,,0.1544316080013191,p1a_prior_residual_512,,251,1.0,0.059759108287091994,0.08139583945971918,96
0.17528640345497026,stable_in,0.0788953571632516,state,0.1752864034549703,0.0059218882811410915,,0.09886908715198885,p1a_prior_residual_512,0.021350121842982715,20225,1.0,0.017642539596284264,0.015219581034212927,119
0.35566494446315916,stable_out,0.2498650518467319,state,0.35566494446315916,,,,p1a_prior_residual_512,,10966,0.0,0.04041941056452349,0.026970380893777863,118
0.23870312881471506,stable,0.1390041600839353,regime,0.058249519216747606,0.0059218882811410915,0.8916039931253442,0.09886908715198885,p1a_prior_residual_512,0.021350121842982715,31191,0.6484242249366805,0.02565033566046019,0.019350877602453416,131
0.5113649969084421,switch,0.3832823620776215,regime,0.3431246045868318,,0.4867799785839841,0.1544316080013191,p1a_prior_residual_512,,489,0.5132924335378323,0.058962957583606146,0.074777876539013,108
0.25863484550450394,1,0.14110153270967574,crowd_bin,0.07041830205470227,0.009849467486820297,0.8900809594050346,0.09518971751001795,p1a_prior_residual_512,0.031485783637930954,2450,0.503265306122449,0.041778848205897084,0.02900612850911079,33
0.23124068022926547,2,0.13067513354727475,crowd_bin,0.053793527607746,0.00520782389374617,0.9281138435822108,0.07388991875383935,p1a_prior_residual_512,0.020356428315802116,10803,0.6498194945848376,0.026234952756037645,0.0246635945807496,64
0.2900427455738533,3,0.18687127762766784,crowd_bin,0.13152338816295456,0.005162841942398025,0.7783581101139112,0.10040053424883044,p1a_prior_residual_512,0.019642728701459434,8976,0.5418894830659536,0.02691767356121228,0.019313735698110148,26
0.20350221684789307,4,0.1205068780148384,crowd_bin,0.06326923314026246,0.005899276914079686,0.9215017918381738,0.1025958871244762,p1a_prior_residual_512,0.019005424748391602,6468,0.7683982683982684,0.020552142710586904,0.013088879118770408,11
0.21589752313179225,5+,0.1035623648669618,crowd_bin,0.06722821533321544,0.007589927032744574,0.9628534916752074,0.16913508259545562,p1a_prior_residual_512,0.027404655048885132,2983,0.8008716057660074,0.022988211927038933,0.014956358047636202,5
0.23857073402554416,large,0.14595136537052864,head_size_bin,0.08015465744022768,0.005904548115456956,0.878418356078018,0.07637890396638965,p1a_prior_residual_512,0.01804658097197875,22606,0.5748473856498275,0.026582542981720633,0.021154716303923994,121
0.24767249906906225,medium,0.13343304349805707,head_size_bin,0.04959854610298977,0.00660447071179497,0.8998460834165833,0.133785044899244,p1a_prior_residual_512,0.025945716662973992,7520,0.8014627659574468,0.02365604692342148,0.01721859311999535,45
0.28302417501107224,small,0.14177012841854778,head_size_bin,0.20191058993790215,0.003263013237105927,0.9543719310678618,0.1647340430579976,p1a_prior_residual_512,0.03179429695375732,1554,0.9356499356499357,0.0322226939091963,0.020870185261796032,12
0.19523431837918945,far,0.10284823071975918,target_distance_bin,0.1952343183791895,0.00672395364902266,,0.12442296550352558,p1a_prior_residual_512,0.03006728234264887,4857,1.0,0.02699711750941913,0.01665785486495154,82
0.16074717181726644,medium,0.06937014724480446,target_distance_bin,0.16074717181726644,0.00618873706358071,,0.0888808158267522,p1a_prior_residual_512,0.017769462823921684,10237,1.0,0.014265986466211595,0.015125475544309614,104
0.1913667226991357,near,0.08028470081408096,target_distance_bin,0.19136672269913566,0.0046953140994271565,,0.0973976897414009,p1a_prior_residual_512,0.020321707174979716,5382,1.0,0.01758714164196442,0.017186861370341658,59
0.36341388705106903,out_or_missing,0.25717025334716753,target_distance_bin,0.3634138870510691,,,,p1a_prior_residual_512,,11204,0.0,0.04079548432067904,0.027837667154976427,120
0.23876017807965078,all,0.14284331044880805,overall,0.06734419949554853,0.0059218882811410915,0.8815314649283953,0.10012636906916841,p1a_static_prior_512,0.02127318206375902,31680,0.6463383838383838,0.026116605009793552,0.01934701916701431,131
0.7475335869811937,in_to_out,0.6282398848191768,state,0.7475335869811937,,,,p1a_static_prior_512,,238,0.0,0.054667507895755627,0.06417104463677994,90
0.2889034573241059,out_to_in,0.16511624435733446,state,0.28890345732410594,,,0.1579108036858076,p1a_static_prior_512,,251,1.0,0.06061828640264554,0.07996631670090187,96
0.1585734018888693,stable_in,0.06870654079472353,state,0.15857340188886926,0.0059218882811410915,,0.09940924209320917,p1a_static_prior_512,0.02127318206375902,20225,1.0,0.01738277307174524,0.014071124647162642,119
0.37446175696435163,stable_out,0.2685319184319077,state,0.3744617569643517,,,,p1a_static_prior_512,,10966,0.0,0.04081537521137684,0.02671720017387095,118
0.23447451765167712,stable,0.1389603028148371,regime,0.0629214428441169,0.0059218882811410915,0.8870981457395616,0.09940924209320917,p1a_static_prior_512,0.02127318206375902,31191,0.6484242249366805,0.025621108330736615,0.018517178451974394,131
0.5121222116357356,switch,0.3905220243776176,regime,0.35297334960119986,,0.4923813922202326,0.1579108036858076,p1a_static_prior_512,,489,0.5132924335378323,0.057721997477001775,0.07227863827296523,108
0.2593319777115391,1,0.14519531355771897,crowd_bin,0.07143180726369253,0.009849467486820297,0.8879154817299661,0.09105960068559005,p1a_static_prior_512,0.027666974530223837,2450,0.503265306122449,0.04076863069925648,0.028266038089249358,33
0.22872359836645617,2,0.1310759924828334,crowd_bin,0.05445994561477584,0.00520782389374617,0.9287597650293034,0.07344188246129624,p1a_static_prior_512,0.02024772116886816,10803,0.6498194945848376,0.026321165918601695,0.02359214522410098,64
0.28986101178987367,3,0.1895500165593321,crowd_bin,0.1393451834252271,0.005162841942398025,0.7720330293433167,0.10340602354520366,p1a_static_prior_512,0.019212151302676967,8976,0.5418894830659536,0.026053826191327074,0.018950493848630384,26
0.1943454375320027,4,0.11952790910002241,crowd_bin,0.06358338976555,0.005899276914079686,0.9147583100016825,0.10253011407799525,p1a_static_prior_512,0.02030909174545467,6468,0.7683982683982684,0.021384359411952228,0.012061266046914173,11
0.20075069769840417,5+,0.09353876812412594,crowd_bin,0.04188814880969542,0.007589927032744574,0.9617932915428901,0.17153933237553523,p1a_static_prior_512,0.027181392400054214,2983,0.8008716057660074,0.023791540566063824,0.013638594522173078,5
0.23922943210847536,large,0.14851327037967765,head_size_bin,0.08710575438356744,0.005904548115456956,0.8733894632884183,0.07624296038678142,p1a_static_prior_512,0.018034398202250664,22606,0.5748473856498275,0.026891022110619705,0.020738179873452472,121
0.23596130831543594,medium,0.1311021376487512,head_size_bin,0.04769495004649335,0.00660447071179497,0.8938001048344597,0.13782481638490135,p1a_static_prior_512,0.02665959136936233,7520,0.8014627659574468,0.023092650280611873,0.015335315294028755,45
0.24547803139450697,small,0.11717954291932822,head_size_bin,0.1609662319563492,0.003263013237105927,0.9564834010889529,0.15731780913498475,p1a_static_prior_512,0.02788220127514982,1554,0.9356499356499357,0.02948447282328794,0.018522974247522795,12
0.17886855325965328,far,0.09241933633092139,target_distance_bin,0.17886855325965326,0.00672395364902266,,0.12198631404831006,p1a_static_prior_512,0.029336846379476193,4857,1.0,0.025700766924270615,0.015475786919518614,82
0.14452536983314138,medium,0.060376911366549026,target_distance_bin,0.14452536983314132,0.00618873706358071,,0.08857929327987302,p1a_static_prior_512,0.017836823060847214,10237,1.0,0.014155830483944264,0.01396004340444093,104
0.17305667908337563,near,0.06764674966338288,target_distance_bin,0.1730566790833757,0.0046953140994271565,,0.10236227804191576,p1a_static_prior_512,0.02055749672843147,5382,1.0,0.01803045589888362,0.01608791900435286,59
0.38238670301433453,out_or_missing,0.27617298376573224,target_distance_bin,0.38238670301433453,,,,p1a_static_prior_512,,11204,0.0,0.04110962794065943,0.027512810222261912,120
