crowd_bin,head_area_bin,inout_bin,layer_a,layer_b,mean,metric,n,scope,std
,,,layer_11,,18.334125495000738,effective_rank,1000,layer,0.8939986156260731
,,,layer_11,,0.2864707108593865,normalized_effective_rank,1000,layer,0.013968728369157392
,,,layer_11,,0.09107108671997799,spatial_variance,1000,layer,0.001834989085916635
,,,layer_11,,0.4316136206710765,token_cosine,1000,layer,0.006807063303499495
,,,layer_2,,5.760251582865496,effective_rank,1000,layer,0.2971042947171842
,,,layer_2,,0.09000393098227337,normalized_effective_rank,1000,layer,0.004642254604956003
,,,layer_2,,6.46364530237744,spatial_variance,1000,layer,0.6519364111279426
,,,layer_2,,0.39882478259233123,token_cosine,1000,layer,0.020262076224026294
,,,layer_5,,8.666786265238471,effective_rank,1000,layer,0.16882461613660957
,,,layer_5,,0.1354185353943511,normalized_effective_rank,1000,layer,0.0026378846271345245
,,,layer_5,,6.113626904169315,spatial_variance,1000,layer,0.41185525425713315
,,,layer_5,,0.23792191365998855,token_cosine,1000,layer,0.006611419154356398
,,,layer_8,,15.238032618244105,effective_rank,1000,layer,0.34071268657842385
,,,layer_8,,0.23809425966006414,normalized_effective_rank,1000,layer,0.005323635727787873
,,,layer_8,,1.3235124348090608,spatial_variance,1000,layer,0.09139124257338227
,,,layer_8,,0.1860696890336292,token_cosine,1000,layer,0.0063097678378390325
,,,layer_2,layer_11,0.7708250957225061,directional_novelty,1000,pair,0.009837869194999573
,,,layer_2,layer_11,0.7379835648929347,linear_cka,1000,pair,0.02897256681507319
,,,layer_2,layer_5,0.15275051403139833,directional_novelty,1000,pair,0.01388802026241576
,,,layer_2,layer_5,0.940063970775057,linear_cka,1000,pair,0.02011387163731237
,,,layer_2,layer_8,0.403170671935276,directional_novelty,1000,pair,0.01977292332438185
,,,layer_2,layer_8,0.8803569844629752,linear_cka,1000,pair,0.03928412261225241
,,,layer_5,layer_11,0.7373189088447138,directional_novelty,1000,pair,0.008051355672507594
,,,layer_5,layer_11,0.8306950638476055,linear_cka,1000,pair,0.008761695672977647
,,,layer_5,layer_8,0.2484512180591995,directional_novelty,1000,pair,0.009958924072638542
,,,layer_5,layer_8,0.9678123131322542,linear_cka,1000,pair,0.004965478929541833
,,,layer_8,layer_11,0.6690188676838538,directional_novelty,1000,pair,0.005681244099868331
,,,layer_8,layer_11,0.8872996018859438,linear_cka,1000,pair,0.004533781037758841
1,large,all_in,layer_11,,16.977975581160972,effective_rank,33,layer,0.15759121086300076
1,large,all_out,layer_11,,16.953439806296295,effective_rank,119,layer,0.10234895160285228
2-3,large,all_in,layer_11,,17.68083659793656,effective_rank,18,layer,0.11042572489324753
2-3,large,all_out,layer_11,,17.006467037512515,effective_rank,37,layer,0.4487003591676408
2-3,large,mixed,layer_11,,17.563169131494863,effective_rank,40,layer,0.18924164283582898
4+,medium,all_in,layer_11,,18.828594621328683,effective_rank,480,layer,0.5340535060624348
4+,medium,all_out,layer_11,,17.601973169687277,effective_rank,1,layer,
4+,medium,mixed,layer_11,,18.570016426673146,effective_rank,272,layer,0.7023589978997974
1,large,all_in,layer_11,,0.2652808684556402,normalized_effective_rank,33,layer,0.002462362669734387
1,large,all_out,layer_11,,0.2648974969733796,normalized_effective_rank,119,layer,0.0015992023687945668
2-3,large,all_in,layer_11,,0.2762630718427587,normalized_effective_rank,18,layer,0.0017254019514569927
2-3,large,all_out,layer_11,,0.26572604746113304,normalized_effective_rank,37,layer,0.007010943111994387
2-3,large,mixed,layer_11,,0.27442451767960724,normalized_effective_rank,40,layer,0.0029569006693098278
4+,medium,all_in,layer_11,,0.2941967909582607,normalized_effective_rank,480,layer,0.008344586032225544
4+,medium,all_out,layer_11,,0.2750308307763637,normalized_effective_rank,1,layer,
4+,medium,mixed,layer_11,,0.2901565066667679,normalized_effective_rank,272,layer,0.010974359342184334
1,large,all_in,layer_11,,0.08888366029604994,spatial_variance,33,layer,0.00020718571664387491
1,large,all_out,layer_11,,0.0893452022270918,spatial_variance,119,layer,0.0003276121398872461
2-3,large,all_in,layer_11,,0.091320283046716,spatial_variance,18,layer,0.0005510081879500831
2-3,large,all_out,layer_11,,0.08863649322464533,spatial_variance,37,layer,0.0008142331603763686
2-3,large,mixed,layer_11,,0.09004107483446987,spatial_variance,40,layer,0.0007208479274121221
4+,medium,all_in,layer_11,,0.09207686622795906,spatial_variance,480,layer,0.0014346565114243925
4+,medium,all_out,layer_11,,0.0887507460606477,spatial_variance,1,layer,
4+,medium,mixed,layer_11,,0.09079133085357294,spatial_variance,272,layer,0.0019468281642268878
1,large,all_in,layer_11,,0.44334064165312126,token_cosine,33,layer,0.0009365375600677834
1,large,all_out,layer_11,,0.4431991413530962,token_cosine,119,layer,0.0007367938681606413
2-3,large,all_in,layer_11,,0.4381419036312655,token_cosine,18,layer,0.0013288738948626687
2-3,large,all_out,layer_11,,0.4329442570031478,token_cosine,37,layer,0.001807616466334783
2-3,large,mixed,layer_11,,0.4373108802935445,token_cosine,40,layer,0.0031830348027027584
4+,medium,all_in,layer_11,,0.42755388736987876,token_cosine,480,layer,0.004228438257922687
4+,medium,all_out,layer_11,,0.4357749177440111,token_cosine,1,layer,
4+,medium,mixed,layer_11,,0.43082027144852264,token_cosine,272,layer,0.004840230978779941
1,large,all_in,layer_2,,5.718508439177724,effective_rank,33,layer,0.02574435672549378
1,large,all_out,layer_2,,5.7083900101569,effective_rank,119,layer,0.02550465821371436
2-3,large,all_in,layer_2,,5.049093557224039,effective_rank,18,layer,0.02097914934112493
2-3,large,all_out,layer_2,,4.860118550343776,effective_rank,37,layer,0.12723366028406552
2-3,large,mixed,layer_2,,5.010873335785037,effective_rank,40,layer,0.06408113694149677
4+,medium,all_in,layer_2,,5.835174200815301,effective_rank,480,layer,0.15056861777435018
4+,medium,all_out,layer_2,,6.0426379986538645,effective_rank,1,layer,
4+,medium,mixed,layer_2,,5.93446005496253,effective_rank,272,layer,0.1140239124482126
1,large,all_in,layer_2,,0.08935169436215194,normalized_effective_rank,33,layer,0.0004022555738358403
1,large,all_out,layer_2,,0.08919359390870156,normalized_effective_rank,119,layer,0.0003985102845892869
2-3,large,all_in,layer_2,,0.07889208683162562,normalized_effective_rank,18,layer,0.000327799208455077
2-3,large,all_out,layer_2,,0.0759393523491215,normalized_effective_rank,37,layer,0.0019880259419385237
2-3,large,mixed,layer_2,,0.0782948958716412,normalized_effective_rank,40,layer,0.001001267764710887
4+,medium,all_in,layer_2,,0.09117459688773907,normalized_effective_rank,480,layer,0.0023526346527242216
4+,medium,all_out,layer_2,,0.09441621872896663,normalized_effective_rank,1,layer,
4+,medium,mixed,layer_2,,0.09272593835878953,normalized_effective_rank,272,layer,0.0017816236320033218
1,large,all_in,layer_2,,5.358637888977358,spatial_variance,33,layer,0.03646315896431087
1,large,all_out,layer_2,,5.400010834690383,spatial_variance,119,layer,0.042367562921202064
2-3,large,all_in,layer_2,,6.740298976989028,spatial_variance,18,layer,0.06523872849243566
2-3,large,all_out,layer_2,,6.8485274798911835,spatial_variance,37,layer,0.08450394004005335
2-3,large,mixed,layer_2,,6.796083634914997,spatial_variance,40,layer,0.061217304086694874
4+,medium,all_in,layer_2,,6.764882822321314,spatial_variance,480,layer,0.48183433144944715
4+,medium,all_out,layer_2,,5.688489154748662,spatial_variance,1,layer,
4+,medium,mixed,layer_2,,6.414751746712043,spatial_variance,272,layer,0.5489025549749512
1,large,all_in,layer_2,,0.4330560696499053,token_cosine,33,layer,0.001273798825534625
1,large,all_out,layer_2,,0.4330220952361994,token_cosine,119,layer,0.0012206132431061931
2-3,large,all_in,layer_2,,0.40694147462254077,token_cosine,18,layer,0.0020964905788939045
2-3,large,all_out,layer_2,,0.4069854837328939,token_cosine,37,layer,0.0013691696371310041
2-3,large,mixed,layer_2,,0.4059035716287447,token_cosine,40,layer,0.0025340840805289136
4+,medium,all_in,layer_2,,0.3870094421794389,token_cosine,480,layer,0.013403251734305243
4+,medium,all_out,layer_2,,0.4213775395489307,token_cosine,1,layer,
4+,medium,mixed,layer_2,,0.3977898561346486,token_cosine,272,layer,0.016319276851438472
1,large,all_in,layer_5,,8.569890175823197,effective_rank,33,layer,0.0486183891812278
1,large,all_out,layer_5,,8.543505446769,effective_rank,119,layer,0.0877058199722932
2-3,large,all_in,layer_5,,8.654021132128545,effective_rank,18,layer,0.03789365202771535
2-3,large,all_out,layer_5,,8.236790609195351,effective_rank,37,layer,0.20592378262635552
2-3,large,mixed,layer_5,,8.491993703366392,effective_rank,40,layer,0.11264428989088554
4+,medium,all_in,layer_5,,8.727435194226624,effective_rank,480,layer,0.13756491043828628
4+,medium,all_out,layer_5,,8.758057661218317,effective_rank,1,layer,
4+,medium,mixed,layer_5,,8.71015591664559,effective_rank,272,layer,0.12010611424896803
1,large,all_in,layer_5,,0.13390453399723745,normalized_effective_rank,33,layer,0.0007596623309566844
1,large,all_out,layer_5,,0.13349227260576563,normalized_effective_rank,119,layer,0.0013704034370670812
2-3,large,all_in,layer_5,,0.1352190801895085,normalized_effective_rank,18,layer,0.0005920883129330524
2-3,large,all_out,layer_5,,0.12869985326867736,normalized_effective_rank,37,layer,0.003217559103536805
2-3,large,mixed,layer_5,,0.13268740161509987,normalized_effective_rank,40,layer,0.0017600670295450866
4+,medium,all_in,layer_5,,0.136366174909791,normalized_effective_rank,480,layer,0.002149451725598223
4+,medium,all_out,layer_5,,0.1368446509565362,normalized_effective_rank,1,layer,
4+,medium,mixed,layer_5,,0.13609618619758734,normalized_effective_rank,272,layer,0.0018766580351401254
1,large,all_in,layer_5,,5.315561190863051,spatial_variance,33,layer,0.0260001572680161
1,large,all_out,layer_5,,5.377324356063647,spatial_variance,119,layer,0.02216403765377548
2-3,large,all_in,layer_5,,5.575608468467644,spatial_variance,18,layer,0.028064838020150265
2-3,large,all_out,layer_5,,5.671049089862936,spatial_variance,37,layer,0.044807860266330386
2-3,large,mixed,layer_5,,5.629936007671191,spatial_variance,40,layer,0.04657469108906692
4+,medium,all_in,layer_5,,6.36216089364101,spatial_variance,480,layer,0.17666472407592723
4+,medium,all_out,layer_5,,5.877889823005674,spatial_variance,1,layer,
4+,medium,mixed,layer_5,,6.261799480383739,spatial_variance,272,layer,0.2035667690818971
1,large,all_in,layer_5,,0.2531466003505155,token_cosine,33,layer,0.0006462706085241673
1,large,all_out,layer_5,,0.2522421288782837,token_cosine,119,layer,0.000528585402875325
2-3,large,all_in,layer_5,,0.23760683907594876,token_cosine,18,layer,0.0005277309446344747
2-3,large,all_out,layer_5,,0.23680983389017324,token_cosine,37,layer,0.0011511727872976336
2-3,large,mixed,layer_5,,0.23684852511525117,token_cosine,40,layer,0.0008503936315496838
4+,medium,all_in,layer_5,,0.23549414397200288,token_cosine,480,layer,0.002302879122586167
4+,medium,all_out,layer_5,,0.23795021820606363,token_cosine,1,layer,
4+,medium,mixed,layer_5,,0.2344238795045029,token_cosine,272,layer,0.003154453930728104
1,large,all_in,layer_8,,15.155966557001976,effective_rank,33,layer,0.0822651652632662
1,large,all_out,layer_8,,15.255628408365961,effective_rank,119,layer,0.14144435778800374
2-3,large,all_in,layer_8,,15.236388354777526,effective_rank,18,layer,0.11935130884678594
2-3,large,all_out,layer_8,,14.654331335780954,effective_rank,37,layer,0.4193576399854712
2-3,large,mixed,layer_8,,15.063640511896006,effective_rank,40,layer,0.23246234964566836
4+,medium,all_in,layer_8,,15.343406795067915,effective_rank,480,layer,0.33974878322124047
4+,medium,all_out,layer_8,,15.293902790797741,effective_rank,1,layer,
4+,medium,mixed,layer_8,,15.159286421170453,effective_rank,272,layer,0.3232621698333247
1,large,all_in,layer_8,,0.23681197745315588,normalized_effective_rank,33,layer,0.0012853932072385344
1,large,all_out,layer_8,,0.23836919388071814,normalized_effective_rank,119,layer,0.0022100680904375584
2-3,large,all_in,layer_8,,0.23806856804339885,normalized_effective_rank,18,layer,0.0018648642007310303
2-3,large,all_out,layer_8,,0.2289739271215774,normalized_effective_rank,37,layer,0.006552463124772988
2-3,large,mixed,layer_8,,0.2353693829983751,normalized_effective_rank,40,layer,0.003632224213213568
4+,medium,all_in,layer_8,,0.23974073117293618,normalized_effective_rank,480,layer,0.005308574737831882
4+,medium,all_out,layer_8,,0.2389672311062147,normalized_effective_rank,1,layer,
4+,medium,mixed,layer_8,,0.23686385033078833,normalized_effective_rank,272,layer,0.005050971403645698
1,large,all_in,layer_8,,1.1540056387371005,spatial_variance,33,layer,0.0033036908830471716
1,large,all_out,layer_8,,1.1635556580369257,spatial_variance,119,layer,0.005455448654958026
2-3,large,all_in,layer_8,,1.1804443627635202,spatial_variance,18,layer,0.006858426635474546
2-3,large,all_out,layer_8,,1.1823863362246738,spatial_variance,37,layer,0.008069125507781306
2-3,large,mixed,layer_8,,1.180931420701255,spatial_variance,40,layer,0.007888722190983525
4+,medium,all_in,layer_8,,1.3776283788808241,spatial_variance,480,layer,0.024725431235931287
4+,medium,all_out,layer_8,,1.3205403030740237,spatial_variance,1,layer,
4+,medium,mixed,layer_8,,1.3682037259572288,spatial_variance,272,layer,0.025866322869590827
1,large,all_in,layer_8,,0.20017518696953224,token_cosine,33,layer,0.00047022695312074484
1,large,all_out,layer_8,,0.19964225093984578,token_cosine,119,layer,0.00041516511052777454
2-3,large,all_in,layer_8,,0.18801895230744392,token_cosine,18,layer,0.00045335490362989167
2-3,large,all_out,layer_8,,0.18755509365786655,token_cosine,37,layer,0.000961533909075555
2-3,large,mixed,layer_8,,0.1879858481480917,token_cosine,40,layer,0.0006022117053194042
4+,medium,all_in,layer_8,,0.1836059247199581,token_cosine,480,layer,0.002241721987417835
4+,medium,all_out,layer_8,,0.1826131044188719,token_cosine,1,layer,
4+,medium,mixed,layer_8,,0.18216804962865996,token_cosine,272,layer,0.0023030699978451893
1,large,all_in,layer_2,layer_11,0.7888324721805289,directional_novelty,33,pair,0.0015148951401963969
1,large,all_out,layer_2,layer_11,0.7906023255438985,directional_novelty,119,pair,0.0014846381075953035
2-3,large,all_in,layer_2,layer_11,0.7737452620389127,directional_novelty,18,pair,0.0019571003386864047
2-3,large,all_out,layer_2,layer_11,0.7697975697400408,directional_novelty,37,pair,0.002662582482443946
2-3,large,mixed,layer_2,layer_11,0.7715197905262061,directional_novelty,40,pair,0.002757815733776407
4+,medium,all_in,layer_2,layer_11,0.7685671603617439,directional_novelty,480,pair,0.00498972820282091
4+,medium,all_out,layer_2,layer_11,0.7555147791013458,directional_novelty,1,pair,
4+,medium,mixed,layer_2,layer_11,0.7638730854042507,directional_novelty,272,pair,0.006231973265004697
1,large,all_in,layer_2,layer_11,0.7783118057282794,linear_cka,33,pair,0.002222292925909001
1,large,all_out,layer_2,layer_11,0.7776073877436926,linear_cka,119,pair,0.0014013399526200212
2-3,large,all_in,layer_2,layer_11,0.7367163211933546,linear_cka,18,pair,0.004806659974632659
2-3,large,all_out,layer_2,layer_11,0.7493024891548777,linear_cka,37,pair,0.006603070802664889
2-3,large,mixed,layer_2,layer_11,0.7452911050069717,linear_cka,40,pair,0.005232342423023451
4+,medium,all_in,layer_2,layer_11,0.7228525422895001,linear_cka,480,pair,0.02406173748706254
4+,medium,all_out,layer_2,layer_11,0.7669384204652134,linear_cka,1,pair,
4+,medium,mixed,layer_2,layer_11,0.7398202476562025,linear_cka,272,pair,0.027082157439843806
1,large,all_in,layer_2,layer_5,0.1820692103655727,directional_novelty,33,pair,0.001995032208084934
1,large,all_out,layer_2,layer_5,0.18083436605267783,directional_novelty,119,pair,0.0021285696425457287
2-3,large,all_in,layer_2,layer_5,0.16448350772680861,directional_novelty,18,pair,0.001598637225679007
2-3,large,all_out,layer_2,layer_5,0.16069691710457462,directional_novelty,37,pair,0.0020341702543424595
2-3,large,mixed,layer_2,layer_5,0.16161872799991608,directional_novelty,40,pair,0.002284701454883356
4+,medium,all_in,layer_2,layer_5,0.14482496227938413,directional_novelty,480,pair,0.0056091129924714725
4+,medium,all_out,layer_2,layer_5,0.1555269241404694,directional_novelty,1,pair,
4+,medium,mixed,layer_2,layer_5,0.14772129970173703,directional_novelty,272,pair,0.005869267775240616
1,large,all_in,layer_2,layer_5,0.9691532346371192,linear_cka,33,pair,0.0007573508957151483
1,large,all_out,layer_2,layer_5,0.9704225334209993,linear_cka,119,pair,0.0008392246745067367
2-3,large,all_in,layer_2,layer_5,0.9317557847707127,linear_cka,18,pair,0.0014366191660689016
2-3,large,all_out,layer_2,layer_5,0.9335002049488634,linear_cka,37,pair,0.002191113666361374
2-3,large,mixed,layer_2,layer_5,0.930565475233472,linear_cka,40,pair,0.002340950619533654
4+,medium,all_in,layer_2,layer_5,0.9313244186455243,linear_cka,480,pair,0.015760927745998753
4+,medium,all_out,layer_2,layer_5,0.9648416753459845,linear_cka,1,pair,
4+,medium,mixed,layer_2,layer_5,0.9414240412184403,linear_cka,272,pair,0.01947928854780225
1,large,all_in,layer_2,layer_8,0.4422496753893313,directional_novelty,33,pair,0.002220319917101253
1,large,all_out,layer_2,layer_8,0.4428568168833086,directional_novelty,119,pair,0.0028509253756461464
2-3,large,all_in,layer_2,layer_8,0.42989979539643675,directional_novelty,18,pair,0.001774356421148739
2-3,large,all_out,layer_2,layer_8,0.41781720047048704,directional_novelty,37,pair,0.0033448570875140625
2-3,large,mixed,layer_2,layer_8,0.42256019511177134,directional_novelty,40,pair,0.004921459303733932
4+,medium,all_in,layer_2,layer_8,0.3922436969114268,directional_novelty,480,pair,0.007114968632254916
4+,medium,all_out,layer_2,layer_8,0.40326129803177835,directional_novelty,1,pair,
4+,medium,mixed,layer_2,layer_8,0.3937367466315552,directional_novelty,272,pair,0.00564527051872115
1,large,all_in,layer_2,layer_8,0.933826086954734,linear_cka,33,pair,0.0007471935958736739
1,large,all_out,layer_2,layer_8,0.9353770858394657,linear_cka,119,pair,0.0009412818310838737
2-3,large,all_in,layer_2,layer_8,0.8641527145889776,linear_cka,18,pair,0.0027627834737807486
2-3,large,all_out,layer_2,layer_8,0.873679519442904,linear_cka,37,pair,0.0037343128460581186
2-3,large,mixed,layer_2,layer_8,0.8664869836164734,linear_cka,40,pair,0.002918154461991835
4+,medium,all_in,layer_2,layer_8,0.8626904947072158,linear_cka,480,pair,0.03218006440056164
4+,medium,all_out,layer_2,layer_8,0.9273723089509641,linear_cka,1,pair,
4+,medium,mixed,layer_2,layer_8,0.8848223168511401,linear_cka,272,pair,0.03929650270480218
1,large,all_in,layer_5,layer_11,0.7503167224742922,directional_novelty,33,pair,0.0011363998472945628
1,large,all_out,layer_5,layer_11,0.7511264303956886,directional_novelty,119,pair,0.0007282843330392024
2-3,large,all_in,layer_5,layer_11,0.7430213902533068,directional_novelty,18,pair,0.002106080054402592
2-3,large,all_out,layer_5,layer_11,0.7374858364652583,directional_novelty,37,pair,0.0021256063839431966
2-3,large,mixed,layer_5,layer_11,0.7395261905300791,directional_novelty,40,pair,0.0020466317097227772
4+,medium,all_in,layer_5,layer_11,0.7360521555202535,directional_novelty,480,pair,0.0050787124923259664
4+,medium,all_out,layer_5,layer_11,0.7233061908983509,directional_novelty,1,pair,
4+,medium,mixed,layer_5,layer_11,0.7312634645234486,directional_novelty,272,pair,0.006630838115405058
1,large,all_in,layer_5,layer_11,0.8461273503214083,linear_cka,33,pair,0.002170953469858181
1,large,all_out,layer_5,layer_11,0.8432194858694402,linear_cka,119,pair,0.001085842341511798
2-3,large,all_in,layer_5,layer_11,0.838456552186874,linear_cka,18,pair,0.00355290681208692
2-3,large,all_out,layer_5,layer_11,0.8425425358778056,linear_cka,37,pair,0.0033171088728883636
2-3,large,mixed,layer_5,layer_11,0.8409840694024882,linear_cka,40,pair,0.0029206234505841323
4+,medium,all_in,layer_5,layer_11,0.8249212682569786,linear_cka,480,pair,0.0054089713906060625
4+,medium,all_out,layer_5,layer_11,0.8304461246131821,linear_cka,1,pair,
4+,medium,mixed,layer_5,layer_11,0.8298949744030544,linear_cka,272,pair,0.005510614685928729
1,large,all_in,layer_5,layer_8,0.26859973958343464,directional_novelty,33,pair,0.0011948259878266476
1,large,all_out,layer_5,layer_8,0.2663762511317378,directional_novelty,119,pair,0.001168170506005213
2-3,large,all_in,layer_5,layer_8,0.2645441346058676,directional_novelty,18,pair,0.0021312651794133945
2-3,large,all_out,layer_5,layer_8,0.2559504334459512,directional_novelty,37,pair,0.0035671150142765934
2-3,large,mixed,layer_5,layer_8,0.25937703000197404,directional_novelty,40,pair,0.004601393407756592
4+,medium,all_in,layer_5,layer_8,0.2428841696640644,directional_novelty,480,pair,0.004734913936754461
4+,medium,all_out,layer_5,layer_8,0.2521448416933507,directional_novelty,1,pair,
4+,medium,mixed,layer_5,layer_8,0.24428332657110416,directional_novelty,272,pair,0.003846607551184392
1,large,all_in,layer_5,layer_8,0.9697951404677844,linear_cka,33,pair,0.0006983110399481814
1,large,all_out,layer_5,layer_8,0.9684824606284571,linear_cka,119,pair,0.0006633493722651816
2-3,large,all_in,layer_5,layer_8,0.9694587960490316,linear_cka,18,pair,0.0009553024087588067
2-3,large,all_out,layer_5,layer_8,0.9731027329750761,linear_cka,37,pair,0.0013426985064232848
2-3,large,mixed,layer_5,layer_8,0.9713413265217614,linear_cka,40,pair,0.0012428985538641328
4+,medium,all_in,layer_5,layer_8,0.9658526432938601,linear_cka,480,pair,0.004834660499546792
4+,medium,all_out,layer_5,layer_8,0.9740744716217551,linear_cka,1,pair,
4+,medium,mixed,layer_5,layer_8,0.9693661945570791,linear_cka,272,pair,0.005737807942004013
1,large,all_in,layer_8,layer_11,0.6763143342701954,directional_novelty,33,pair,0.0012674742590022842
1,large,all_out,layer_8,layer_11,0.6764547640903351,directional_novelty,119,pair,0.0009508114014216893
2-3,large,all_in,layer_8,layer_11,0.6743330442298751,directional_novelty,18,pair,0.0017024737654502218
2-3,large,all_out,layer_8,layer_11,0.6665820634381635,directional_novelty,37,pair,0.0022125439867534255
2-3,large,mixed,layer_8,layer_11,0.6705574599620444,directional_novelty,40,pair,0.001997061325786598
4+,medium,all_in,layer_8,layer_11,0.6691157743517882,directional_novelty,480,pair,0.004658913474651638
4+,medium,all_out,layer_8,layer_11,0.660990822879124,directional_novelty,1,pair,
4+,medium,mixed,layer_8,layer_11,0.6644925943846265,directional_novelty,272,pair,0.004900416069515593
1,large,all_in,layer_8,layer_11,0.8921199351406252,linear_cka,33,pair,0.0012087944194787911
1,large,all_out,layer_8,layer_11,0.8910931333551617,linear_cka,119,pair,0.0014507727843662706
2-3,large,all_in,layer_8,layer_11,0.8917689212034206,linear_cka,18,pair,0.002483779122276142
2-3,large,all_out,layer_8,layer_11,0.8896312585695961,linear_cka,37,pair,0.0015266310435765147
2-3,large,mixed,layer_8,layer_11,0.88999652977061,linear_cka,40,pair,0.0018170110890786836
4+,medium,all_in,layer_8,layer_11,0.8858806359256378,linear_cka,480,pair,0.004302895640421868
4+,medium,all_out,layer_8,layer_11,0.8843742757644092,linear_cka,1,pair,
4+,medium,mixed,layer_8,layer_11,0.8865603797698801,linear_cka,272,pair,0.004934529045260433
