bin,ci95_high,ci95_low,cluster_n,dimension,mean_improvement,metric,n,positive_means
all,0.0020941669775824006,-0.00010828309054247569,119,overall,0.000860533895116754,auc,20655,candidate_better
all,0.0009574478277250268,-0.0019554463222962925,119,overall,-0.00041358094350448464,l2,20655,candidate_better
all,,,0,overall,,avg_l2,0,candidate_better
all,,,0,overall,,min_l2,0,candidate_better
all,0.008037357808307912,-0.0009844807598391595,80,overall,0.0030529172320217096,target_confusion,14740,candidate_better
all,0.0031467094525395147,-0.0029943708478599737,80,overall,-0.00024376898164221093,association_margin,14740,candidate_better
1,0.003769209346645176,-0.0006045121326670693,25,crowd,0.001288392617455786,auc,1243,candidate_better
1,8.539451960694513e-05,-0.005645753783934605,25,crowd,-0.002600483293245409,l2,1243,candidate_better
1,,,0,crowd,,avg_l2,0,candidate_better
1,,,0,crowd,,min_l2,0,candidate_better
1,,,0,crowd,,target_confusion,0,candidate_better
1,,,0,crowd,,association_margin,0,candidate_better
2,0.0009879155375261616,-0.0008211529491778959,62,crowd,5.2548254893766154e-05,auc,7094,candidate_better
2,0.00128268363103353,-0.0029607798111949556,62,crowd,-0.0007750287469703051,l2,7094,candidate_better
2,,,0,crowd,,avg_l2,0,candidate_better
2,,,0,crowd,,min_l2,0,candidate_better
2,0.004148272009784798,-0.0009378049930089746,46,crowd,0.0013020833333333333,target_confusion,4608,candidate_better
2,0.0008689500153622708,-0.0022363845660147716,46,crowd,-0.0007344664850330651,association_margin,4608,candidate_better
3,0.004321947542087661,-0.0009863818351745204,23,crowd,0.0013935799505498416,auc,4900,candidate_better
3,0.0036340944988892876,-0.0034817682361184075,23,crowd,0.0002869800872238767,l2,4900,candidate_better
3,,,0,crowd,,avg_l2,0,candidate_better
3,,,0,crowd,,min_l2,0,candidate_better
3,0.02777898550724637,-0.0023756781523719115,21,crowd,0.009800918836140888,target_confusion,3265,candidate_better
3,0.016618257630186595,-0.005339944748189293,21,crowd,0.0039369143596118625,association_margin,3265,candidate_better
4,0.0011012564579761853,-0.0007508869720867516,11,crowd,4.762356203785349e-05,auc,5003,candidate_better
4,0.0012117947734987273,-0.004642746127185377,11,crowd,-0.0014041051039996953,l2,5003,candidate_better
4,,,0,crowd,,avg_l2,0,candidate_better
4,,,0,crowd,,min_l2,0,candidate_better
4,0.0037233567886965635,-0.009951644144348,11,crowd,-0.0022177866489243737,target_confusion,4509,candidate_better
4,0.0012627379497406415,-0.00913107445017929,11,crowd,-0.0028352000179627215,association_margin,4509,candidate_better
5+,0.008923359358104394,-0.0014196587152276534,5,crowd,0.003616263280063366,auc,2415,candidate_better
5+,0.005712939509140941,-0.001994869015437371,5,crowd,0.002404337757490574,l2,2415,candidate_better
5+,,,0,crowd,,avg_l2,0,candidate_better
5+,,,0,crowd,,min_l2,0,candidate_better
5+,0.013447432762836185,-0.0025157232704402514,5,crowd,0.00720949957591179,target_confusion,2358,candidate_better
5+,0.0021317728932037944,-0.0040587672030264746,5,crowd,-0.00011825349003928847,association_margin,2358,candidate_better
large,0.0010306220764884644,-0.000648819349923569,107,head_size,5.7300159450724444e-05,auc,13109,candidate_better
large,0.0004627719621289635,-0.002507930318566434,107,head_size,-0.0009069385041232038,l2,13109,candidate_better
large,,,0,head_size,,avg_l2,0,candidate_better
large,,,0,head_size,,min_l2,0,candidate_better
large,0.0021760922531590863,-0.0047513513848601125,72,head_size,-0.0010609454202522692,target_confusion,8483,candidate_better
large,0.0005065484876945979,-0.004898492824792377,72,head_size,-0.0019511439820889627,association_margin,8483,candidate_better
medium,0.0047649984688341775,-0.00017318043403941467,41,head_size,0.0021283685107590113,auc,6078,candidate_better
medium,0.003376658687482777,-0.0028661482615266296,41,head_size,0.0005426119745992057,l2,6078,candidate_better
medium,,,0,head_size,,avg_l2,0,candidate_better
medium,,,0,head_size,,min_l2,0,candidate_better
medium,0.02035573921065705,-0.000431188932133112,37,head_size,0.00914694770332074,target_confusion,5029,candidate_better
medium,0.010597626573352776,-0.0038217697716407904,37,head_size,0.002557044066991979,association_margin,5029,candidate_better
small,0.0076362705290225685,-0.0016030816783669573,13,head_size,0.002784029976160581,auc,1468,candidate_better
small,0.006024756118372314,-0.008171302333464926,13,head_size,3.3070082324232595e-05,l2,1468,candidate_better
small,,,0,head_size,,avg_l2,0,candidate_better
small,,,0,head_size,,min_l2,0,candidate_better
small,0.023136544320670284,0.0,13,head_size,0.006514657980456026,target_confusion,1228,candidate_better
small,0.006032992859468931,-0.003746385880524734,13,head_size,8.06392489835689e-05,association_margin,1228,candidate_better
0,,,0,inout,,auc,0,candidate_better
0,,,0,inout,,l2,0,candidate_better
0,,,0,inout,,avg_l2,0,candidate_better
0,,,0,inout,,min_l2,0,candidate_better
0,,,0,inout,,target_confusion,0,candidate_better
0,,,0,inout,,association_margin,0,candidate_better
1,0.0020941669775824006,-0.00010828309054247569,119,inout,0.000860533895116754,auc,20655,candidate_better
1,0.0009574478277250268,-0.0019554463222962925,119,inout,-0.00041358094350448464,l2,20655,candidate_better
1,,,0,inout,,avg_l2,0,candidate_better
1,,,0,inout,,min_l2,0,candidate_better
1,0.008037357808307912,-0.0009844807598391595,80,inout,0.0030529172320217096,target_confusion,14740,candidate_better
1,0.0031467094525395147,-0.0029943708478599737,80,inout,-0.00024376898164221093,association_margin,14740,candidate_better
far,-0.0012963151407653281,-0.0045176560893726665,82,target_distance,-0.0027312643238874114,auc,4900,candidate_better
far,-0.002732229079208026,-0.010031226267932458,82,target_distance,-0.005965111438779946,l2,4900,candidate_better
far,,,0,target_distance,,avg_l2,0,candidate_better
far,,,0,target_distance,,min_l2,0,candidate_better
far,0.0017609069962714523,-0.014248762415695074,55,target_distance,-0.0064516129032258064,target_confusion,3100,candidate_better
far,-0.0003422975677321435,-0.012585131117597077,55,target_distance,-0.006293400643009179,association_margin,3100,candidate_better
medium,0.0015007522966130375,-0.0005035159049585007,104,target_distance,0.0003963024860124317,auc,10337,candidate_better
medium,0.0023577419192967125,-0.0007150149388011359,104,target_distance,0.000758188976746876,l2,10337,candidate_better
medium,,,0,target_distance,,avg_l2,0,candidate_better
medium,,,0,target_distance,,min_l2,0,candidate_better
medium,0.0038704490072411436,-0.002842211032697679,72,target_distance,0.0002779708130646282,target_confusion,7195,candidate_better
medium,0.0011185178627981932,-0.0022977149581824043,72,target_distance,-0.0006982245517975522,association_margin,7195,candidate_better
near,0.008028248827231606,0.002377089074118327,59,target_distance,0.0049946371341407095,auc,5418,candidate_better
near,0.005783685021356437,-0.0014181267594176547,59,target_distance,0.0023715637152647013,l2,5418,candidate_better
near,,,0,target_distance,,avg_l2,0,candidate_better
near,,,0,target_distance,,min_l2,0,candidate_better
near,0.02998032994032991,0.0036438598836116484,46,target_distance,0.014173228346456693,target_confusion,4445,candidate_better
near,0.014907105372672261,-0.0024328050643120354,46,target_distance,0.004710936525108134,association_margin,4445,candidate_better
out_or_missing,,,0,target_distance,,auc,0,candidate_better
out_or_missing,,,0,target_distance,,l2,0,candidate_better
out_or_missing,,,0,target_distance,,avg_l2,0,candidate_better
out_or_missing,,,0,target_distance,,min_l2,0,candidate_better
out_or_missing,,,0,target_distance,,target_confusion,0,candidate_better
out_or_missing,,,0,target_distance,,association_margin,0,candidate_better
close,0.002889961689955626,-4.350348693566765e-05,34,target_separation,0.0009318361008787912,auc,2202,candidate_better
close,0.008451272153146318,0.00020711987686225267,34,target_separation,0.004160541664661015,l2,2202,candidate_better
close,,,0,target_separation,,avg_l2,0,candidate_better
close,,,0,target_separation,,min_l2,0,candidate_better
close,0.025543642191501837,0.0005651302532548584,34,target_separation,0.013169845594913715,target_confusion,2202,candidate_better
close,0.006307697422862822,-0.0006005497109196766,34,target_separation,0.002489502062583488,association_margin,2202,candidate_better
far,0.0018053212960826698,-0.001036726234428737,56,target_separation,0.00015725225930455353,auc,5544,candidate_better
far,0.0013744991599033843,-0.004051850194267299,56,target_separation,-0.0013044661955663012,l2,5544,candidate_better
far,,,0,target_separation,,avg_l2,0,candidate_better
far,,,0,target_separation,,min_l2,0,candidate_better
far,0.0017708716734145156,-0.007711781468710178,56,target_separation,-0.0027056277056277055,target_confusion,5544,candidate_better
far,5.074879704441332e-05,-0.008839797874708856,56,target_separation,-0.004012309206315758,association_margin,5544,candidate_better
medium,0.002964391894132077,-9.612033680684077e-05,59,target_separation,0.0012648145005926133,auc,6994,candidate_better
medium,0.0029306038586680073,-0.0009272315827159857,59,target_separation,0.0009838478862301684,l2,6994,candidate_better
medium,,,0,target_separation,,avg_l2,0,candidate_better
medium,,,0,target_separation,,min_l2,0,candidate_better
medium,0.013090978456970678,-0.001629701347559847,59,target_separation,0.004432370603374321,target_confusion,6994,candidate_better
medium,0.00776253271511258,-0.001829425943622483,59,target_separation,0.0018829287830425406,association_margin,6994,candidate_better
shared_only,0.0027586078999234844,-0.00046562295451986696,107,target_separation,0.0010151319301390151,auc,5915,candidate_better
shared_only,-0.0003551370875334998,-0.006021718516609922,107,target_separation,-0.0029337444905736102,l2,5915,candidate_better
shared_only,,,0,target_separation,,avg_l2,0,candidate_better
shared_only,,,0,target_separation,,min_l2,0,candidate_better
shared_only,,,0,target_separation,,target_confusion,0,candidate_better
shared_only,,,0,target_separation,,association_margin,0,candidate_better
undefined,,,0,target_separation,,auc,0,candidate_better
undefined,,,0,target_separation,,l2,0,candidate_better
undefined,,,0,target_separation,,avg_l2,0,candidate_better
undefined,,,0,target_separation,,min_l2,0,candidate_better
undefined,,,0,target_separation,,target_confusion,0,candidate_better
undefined,,,0,target_separation,,association_margin,0,candidate_better
