method,coverage,risk
random,0.00625,0.12125799725022857
random,0.0125,0.07413467361204706
random,0.01875,0.05343042980067006
random,0.025,0.08264632269843494
random,0.03125,0.09571037423837156
random,0.0375,0.08236350206066881
random,0.04375,0.09151209567815412
random,0.05,0.1017609467362318
random,0.05625,0.10651271079605767
random,0.0625,0.0987778801070939
random,0.06875,0.09465606822655404
random,0.075,0.0964010433837454
random,0.08125,0.10832228850712632
random,0.0875,0.10170365595421105
random,0.09375,0.09564145207554461
random,0.1,0.09168849990570259
random,0.10625,0.08815211879303197
random,0.1125,0.09364163164629277
random,0.11875,0.09639657665078293
random,0.125,0.09312511384077571
random,0.13125,0.09036708910351295
random,0.1375,0.0878928657424992
random,0.14375,0.08691690454960459
random,0.15,0.0848508399054238
random,0.15625,0.08663259672625571
random,0.1625,0.08459315323163523
random,0.16875,0.08374353134911611
random,0.175,0.08727668698248617
random,0.18125,0.08518135243619007
random,0.1875,0.0892588414159523
random,0.19375,0.09383705000369098
random,0.2,0.09365785225312995
random,0.20625,0.09248539408417769
random,0.2125,0.09065677274223878
random,0.21875,0.08894422558485357
random,0.225,0.09227651488726482
random,0.23125,0.09205476874353237
random,0.2375,0.09004694175621801
random,0.24375,0.09323652437929719
random,0.25,0.0964565196173966
random,0.25625,0.09505877681727021
random,0.2625,0.09705668092421876
random,0.26875,0.09553029673600442
random,0.275,0.0941430214830557
random,0.28125,0.09246721312110022
random,0.2875,0.0908266272954551
random,0.29375,0.0890481928822141
random,0.3,0.09160550085251952
random,0.30625,0.09043423794155596
random,0.3125,0.0937554986098442
random,0.31875,0.09347783816980555
random,0.325,0.09251893388893036
random,0.33125,0.0932268829768684
random,0.3375,0.09287194584159739
random,0.34375,0.09618125715603734
random,0.35,0.09468852019258367
random,0.35625,0.09346226145949768
random,0.3625,0.09527826309096325
random,0.36875,0.09400981082011851
random,0.375,0.0929096312721409
random,0.38125,0.09210437253850465
random,0.3875,0.0951198332859201
random,0.39375,0.09679022106566863
random,0.4,0.09602604133383368
random,0.40625,0.09520275785400711
random,0.4125,0.09454604388707845
random,0.41875,0.09492541324215192
random,0.425,0.09382020053209784
random,0.43125,0.09259915319340237
random,0.4375,0.09204867043294031
random,0.44375,0.0913638289791957
random,0.45,0.09040784534636526
random,0.45625,0.09054403868417611
random,0.4625,0.08975835764166429
random,0.46875,0.08866950604348874
random,0.475,0.08987296031540223
random,0.48125,0.09098667158442596
random,0.4875,0.09096027946896292
random,0.49375,0.09053617625423901
random,0.5,0.09028195672229306
random,0.50625,0.08977300785972181
random,0.5125,0.08903879626996007
random,0.51875,0.09062788203403467
random,0.525,0.08993158178450923
random,0.53125,0.08898922526056204
random,0.5375,0.08929716803115052
random,0.54375,0.09141518099795605
random,0.55,0.09073731805315881
random,0.55625,0.09206170959263671
random,0.5625,0.09125957916555312
random,0.56875,0.09100807702643804
random,0.575,0.09100980959240035
random,0.58125,0.09033805029919716
random,0.5875,0.08972669457409936
random,0.59375,0.08910312562339934
random,0.6,0.08854853020040084
random,0.60625,0.0878708235121906
random,0.6125,0.08757182750822838
random,0.61875,0.08709167430012794
random,0.625,0.08732381142931984
random,0.63125,0.08665849232050293
random,0.6375,0.0861750057170056
random,0.64375,0.08717223593554856
random,0.65,0.08832500204536838
random,0.65625,0.08789478890904613
random,0.6625,0.08826184045414852
random,0.66875,0.0877547709630515
random,0.675,0.08725745261264274
random,0.68125,0.08784341863561801
random,0.6875,0.08728077251272758
random,0.69375,0.08699234216284954
random,0.7,0.0867208836061988
random,0.70625,0.08635570028835692
random,0.7125,0.08563641204393069
random,0.71875,0.08518206124511382
random,0.725,0.08460102175419638
random,0.73125,0.08411811041495285
random,0.7375,0.08525854814808202
random,0.74375,0.08471609516931866
random,0.75,0.08418861650791558
random,0.75625,0.083817162890254
random,0.7625,0.08346652483890649
random,0.76875,0.08416360656347727
random,0.775,0.0835430872598726
random,0.78125,0.08315398531862232
random,0.7875,0.08272269953212574
random,0.79375,0.08251554396722106
random,0.8,0.08194259629841887
random,0.80625,0.08273053469914246
random,0.8125,0.08242785399448219
random,0.81875,0.08291740862514035
random,0.825,0.0835118790981934
random,0.83125,0.08309687944367228
random,0.8375,0.08269014549796966
random,0.84375,0.08334893754145117
random,0.85,0.08281513495466873
random,0.85625,0.08404774370097477
random,0.8625,0.08510064432734361
random,0.86875,0.0849657715565082
random,0.875,0.08482686540882763
random,0.88125,0.08552835312658046
random,0.8875,0.08503326597565398
random,0.89375,0.08506057707904376
random,0.9,0.08514948663040522
random,0.90625,0.08473514637253461
random,0.9125,0.08435705141429255
random,0.91875,0.08405905083829782
random,0.925,0.08376065707739311
random,0.93125,0.08343054447092274
random,0.9375,0.08399640266382688
random,0.94375,0.0851597277739075
random,0.95,0.0847653340056795
random,0.95625,0.08484342991725108
random,0.9625,0.08560297101295676
random,0.96875,0.08539506771169889
random,0.975,0.08544260838209021
random,0.98125,0.08513763856420697
random,0.9875,0.08548551611867124
random,0.99375,0.08527594549576388
random,1.0,0.08554111396721825
final_confidence,0.00625,0.07019861369856298
final_confidence,0.0125,0.05376498339391427
final_confidence,0.01875,0.03943352152068101
final_confidence,0.025,0.03460678650021373
final_confidence,0.03125,0.03637041464358577
final_confidence,0.0375,0.03587302389965356
final_confidence,0.04375,0.033668246072720585
final_confidence,0.05,0.03378145015279414
final_confidence,0.05625,0.03579013747322976
final_confidence,0.0625,0.035615562637797527
final_confidence,0.06875,0.03740187545947639
final_confidence,0.075,0.03916582043151117
final_confidence,0.08125,0.038484777972029906
final_confidence,0.0875,0.03791355413528472
final_confidence,0.09375,0.03857816507481445
final_confidence,0.1,0.03740890295483319
final_confidence,0.10625,0.036666718804941933
final_confidence,0.1125,0.03549796449200933
final_confidence,0.11875,0.03518403385922956
final_confidence,0.125,0.03740457297466178
final_confidence,0.13125,0.038309781061069914
final_confidence,0.1375,0.040787127935236984
final_confidence,0.14375,0.04049227041226001
final_confidence,0.15,0.03954598749086128
final_confidence,0.15625,0.04132702429399338
final_confidence,0.1625,0.040701759868807724
final_confidence,0.16875,0.04368532421626776
final_confidence,0.175,0.0429298843305226
final_confidence,0.18125,0.043737589325374214
final_confidence,0.1875,0.04269926925461611
final_confidence,0.19375,0.04261337863047637
final_confidence,0.2,0.04216661445598913
final_confidence,0.20625,0.04358362876272607
final_confidence,0.2125,0.0466077472515596
final_confidence,0.21875,0.046178097929809384
final_confidence,0.225,0.04909336601834096
final_confidence,0.23125,0.050890728291165546
final_confidence,0.2375,0.05406800047739734
final_confidence,0.24375,0.0535122624486967
final_confidence,0.25,0.054453642714853534
final_confidence,0.25625,0.054193525783279774
final_confidence,0.2625,0.0535034864789934
final_confidence,0.26875,0.053213622156827456
final_confidence,0.275,0.052168771877652474
final_confidence,0.28125,0.051347820895816215
final_confidence,0.2875,0.05115575120558341
final_confidence,0.29375,0.05214953421131771
final_confidence,0.3,0.053772257155866234
final_confidence,0.30625,0.05382974137346014
final_confidence,0.3125,0.053902269056106435
final_confidence,0.31875,0.05418600661394909
final_confidence,0.325,0.05370482194649661
final_confidence,0.33125,0.05495499116782687
final_confidence,0.3375,0.05493851651584966
final_confidence,0.34375,0.054113596836690765
final_confidence,0.35,0.05410153170427049
final_confidence,0.35625,0.054301836602111866
final_confidence,0.3625,0.053967414326275255
final_confidence,0.36875,0.05659350290501057
final_confidence,0.375,0.055785185986235365
final_confidence,0.38125,0.05540953723465781
final_confidence,0.3875,0.054943447684742346
final_confidence,0.39375,0.0545157586411982
final_confidence,0.4,0.05482114175105814
final_confidence,0.40625,0.05575423654767529
final_confidence,0.4125,0.05624436511491866
final_confidence,0.41875,0.05793038320217529
final_confidence,0.425,0.05955360217576893
final_confidence,0.43125,0.05919036425447171
final_confidence,0.4375,0.05887825703317605
final_confidence,0.44375,0.05850164300558058
final_confidence,0.45,0.05829164856235455
final_confidence,0.45625,0.057552815574154724
final_confidence,0.4625,0.0570282051636264
final_confidence,0.46875,0.05745367914491659
final_confidence,0.475,0.057212828956328406
final_confidence,0.48125,0.058681415611333616
final_confidence,0.4875,0.05827538912880197
final_confidence,0.49375,0.05915421839208882
final_confidence,0.5,0.05906683800064272
final_confidence,0.50625,0.05993508395651407
final_confidence,0.5125,0.059578773447699955
final_confidence,0.51875,0.05929302876779446
final_confidence,0.525,0.058842143375331994
final_confidence,0.53125,0.05964167407315042
final_confidence,0.5375,0.059280660778340794
final_confidence,0.54375,0.0587047709114695
final_confidence,0.55,0.05962974274394781
final_confidence,0.55625,0.061082102019037514
final_confidence,0.5625,0.06099650043347026
final_confidence,0.56875,0.06251071862743764
final_confidence,0.575,0.06207919974500904
final_confidence,0.58125,0.06387778931914738
final_confidence,0.5875,0.06357277660679748
final_confidence,0.59375,0.06333044176612664
final_confidence,0.6,0.06454712498428068
final_confidence,0.60625,0.0642056305084737
final_confidence,0.6125,0.06411135604081279
final_confidence,0.61875,0.0656954121887657
final_confidence,0.625,0.06614151193907124
final_confidence,0.63125,0.0657932526174036
final_confidence,0.6375,0.06687007100380384
final_confidence,0.64375,0.067994360499723
final_confidence,0.65,0.06827051096103462
final_confidence,0.65625,0.06792892172843715
final_confidence,0.6625,0.06790549565841343
final_confidence,0.66875,0.06742974584049766
final_confidence,0.675,0.0671748109181264
final_confidence,0.68125,0.06670309103103887
final_confidence,0.6875,0.06623907595590499
final_confidence,0.69375,0.06608428336940154
final_confidence,0.7,0.0659000948454789
final_confidence,0.70625,0.06538079500539942
final_confidence,0.7125,0.06701502077902396
final_confidence,0.71875,0.06844257109951811
final_confidence,0.725,0.06810092804021238
final_confidence,0.73125,0.06783991452682955
final_confidence,0.7375,0.06850702974787931
final_confidence,0.74375,0.06821375274046959
final_confidence,0.75,0.0688618513570624
final_confidence,0.75625,0.07000767094774002
final_confidence,0.7625,0.0708559925313059
final_confidence,0.76875,0.0720578931036058
final_confidence,0.775,0.07277829324848109
final_confidence,0.78125,0.07236172005189519
final_confidence,0.7875,0.07258384893248775
final_confidence,0.79375,0.07249778210942578
final_confidence,0.8,0.072268523051786
final_confidence,0.80625,0.07192613446272333
final_confidence,0.8125,0.07292526234113259
final_confidence,0.81875,0.0726681437642603
final_confidence,0.825,0.07323858646603194
final_confidence,0.83125,0.07457797476318734
final_confidence,0.8375,0.07539147233951998
final_confidence,0.84375,0.07590358605015068
final_confidence,0.85,0.07556288069315883
final_confidence,0.85625,0.07657658714106502
final_confidence,0.8625,0.07609959582655758
final_confidence,0.86875,0.07714950041703754
final_confidence,0.875,0.07787679505198092
final_confidence,0.88125,0.0788039678889647
final_confidence,0.8875,0.07974055244930209
final_confidence,0.89375,0.08046779777211799
final_confidence,0.9,0.08120735021919862
final_confidence,0.90625,0.08089512142569524
final_confidence,0.9125,0.08042338732125841
final_confidence,0.91875,0.08128486027388121
final_confidence,0.925,0.0809284503755746
final_confidence,0.93125,0.08172996589929611
final_confidence,0.9375,0.08135811509408526
final_confidence,0.94375,0.08266741856285464
final_confidence,0.95,0.08234864356056815
final_confidence,0.95625,0.0820954812860827
final_confidence,0.9625,0.08333878527866158
final_confidence,0.96875,0.08286454329137342
final_confidence,0.975,0.0839775735994798
final_confidence,0.98125,0.08364499823805507
final_confidence,0.9875,0.08324073210337418
final_confidence,0.99375,0.08435027777747875
final_confidence,1.0,0.08554111396721822
final_plus_disagreement,0.00625,0.07019861369856298
final_plus_disagreement,0.0125,0.040484605736388735
final_plus_disagreement,0.01875,0.03943352152068101
final_plus_disagreement,0.025,0.03460678650021373
final_plus_disagreement,0.03125,0.03460020494283279
final_plus_disagreement,0.0375,0.03607099198853965
final_plus_disagreement,0.04375,0.03383793300605152
final_plus_disagreement,0.05,0.03378145015279414
final_plus_disagreement,0.05625,0.03579013747322976
final_plus_disagreement,0.0625,0.035615562637797527
final_plus_disagreement,0.06875,0.03770225831835173
final_plus_disagreement,0.075,0.03916582043151117
final_plus_disagreement,0.08125,0.03983635103125883
final_plus_disagreement,0.0875,0.03916858626171158
final_plus_disagreement,0.09375,0.03857816507481445
final_plus_disagreement,0.1,0.03771651553305616
final_plus_disagreement,0.10625,0.036666718804941933
final_plus_disagreement,0.1125,0.03549796449200933
final_plus_disagreement,0.11875,0.03659880545502108
final_plus_disagreement,0.125,0.0358955155530402
final_plus_disagreement,0.13125,0.03503294244569021
final_plus_disagreement,0.1375,0.03458008820903003
final_plus_disagreement,0.14375,0.03455510197849683
final_plus_disagreement,0.15,0.03434585949894254
final_plus_disagreement,0.15625,0.036334901421751394
final_plus_disagreement,0.1625,0.035421558567169845
final_plus_disagreement,0.16875,0.03573145819506464
final_plus_disagreement,0.175,0.03474442353733013
final_plus_disagreement,0.18125,0.036746733494413424
final_plus_disagreement,0.1875,0.03688981973212823
final_plus_disagreement,0.19375,0.038568473501359835
final_plus_disagreement,0.2,0.04115252111851198
final_plus_disagreement,0.20625,0.04096321273927187
final_plus_disagreement,0.2125,0.041448298408874894
final_plus_disagreement,0.21875,0.04107311631281803
final_plus_disagreement,0.225,0.04183144320707535
final_plus_disagreement,0.23125,0.042230295656018386
final_plus_disagreement,0.2375,0.04223772511625757
final_plus_disagreement,0.24375,0.041545116208020726
final_plus_disagreement,0.25,0.04185812230184664
final_plus_disagreement,0.25625,0.04160719300156507
final_plus_disagreement,0.2625,0.04078893149850705
final_plus_disagreement,0.26875,0.04070879027211794
final_plus_disagreement,0.275,0.04035658765237099
final_plus_disagreement,0.28125,0.04019023264098506
final_plus_disagreement,0.2875,0.039950540711972786
final_plus_disagreement,0.29375,0.03978976787465575
final_plus_disagreement,0.3,0.04136905958795147
final_plus_disagreement,0.30625,0.04118068410807282
final_plus_disagreement,0.3125,0.04115780362403705
final_plus_disagreement,0.31875,0.04209468499925968
final_plus_disagreement,0.325,0.04281584136788688
final_plus_disagreement,0.33125,0.04325994491153466
final_plus_disagreement,0.3375,0.04285547659467194
final_plus_disagreement,0.34375,0.04342283661426398
final_plus_disagreement,0.35,0.04360167791438704
final_plus_disagreement,0.35625,0.04300459469066289
final_plus_disagreement,0.3625,0.04301110242174297
final_plus_disagreement,0.36875,0.042599586197561885
final_plus_disagreement,0.375,0.04235624372662687
final_plus_disagreement,0.38125,0.04213064187405138
final_plus_disagreement,0.3875,0.04181903444776034
final_plus_disagreement,0.39375,0.041776653977354854
final_plus_disagreement,0.4,0.04154594610230033
final_plus_disagreement,0.40625,0.041314654395186466
final_plus_disagreement,0.4125,0.041232037889434296
final_plus_disagreement,0.41875,0.04122187264844374
final_plus_disagreement,0.425,0.04142400294299171
final_plus_disagreement,0.43125,0.041323512836662274
final_plus_disagreement,0.4375,0.04166916138015608
final_plus_disagreement,0.44375,0.04232315519150231
final_plus_disagreement,0.45,0.04186280917996114
final_plus_disagreement,0.45625,0.04196136109330444
final_plus_disagreement,0.4625,0.04145319189506745
final_plus_disagreement,0.46875,0.041722527501848135
final_plus_disagreement,0.475,0.04157772611674167
final_plus_disagreement,0.48125,0.041494984145852266
final_plus_disagreement,0.4875,0.04213181092725121
final_plus_disagreement,0.49375,0.04199048826299029
final_plus_disagreement,0.5,0.04200501494384706
final_plus_disagreement,0.50625,0.04169631432900234
final_plus_disagreement,0.5125,0.04297323314673482
final_plus_disagreement,0.51875,0.04258502293700355
final_plus_disagreement,0.525,0.04324310066959988
final_plus_disagreement,0.53125,0.043348049921444594
final_plus_disagreement,0.5375,0.04298379285465938
final_plus_disagreement,0.54375,0.04257270572893338
final_plus_disagreement,0.55,0.04244599499145689
final_plus_disagreement,0.55625,0.042146122499705535
final_plus_disagreement,0.5625,0.04355791643816562
final_plus_disagreement,0.56875,0.04325136167254086
final_plus_disagreement,0.575,0.043133451671081735
final_plus_disagreement,0.58125,0.04303101741511444
final_plus_disagreement,0.5875,0.04299071647209049
final_plus_disagreement,0.59375,0.04387294316912004
final_plus_disagreement,0.6,0.04476379543221485
final_plus_disagreement,0.60625,0.04459934368775957
final_plus_disagreement,0.6125,0.04455135828507224
final_plus_disagreement,0.61875,0.0443634894651995
final_plus_disagreement,0.625,0.04412692100729994
final_plus_disagreement,0.63125,0.04483331093327888
final_plus_disagreement,0.6375,0.04483940757795326
final_plus_disagreement,0.64375,0.04503946923550636
final_plus_disagreement,0.65,0.04496757382914978
final_plus_disagreement,0.65625,0.04463294243314833
final_plus_disagreement,0.6625,0.04512427324487458
final_plus_disagreement,0.66875,0.04611495993526777
final_plus_disagreement,0.675,0.04596174417197139
final_plus_disagreement,0.68125,0.04579787858381296
final_plus_disagreement,0.6875,0.04665519143459249
final_plus_disagreement,0.69375,0.047751174155060506
final_plus_disagreement,0.7,0.048395929659720685
final_plus_disagreement,0.70625,0.04824873773225235
final_plus_disagreement,0.7125,0.049347458490239395
final_plus_disagreement,0.71875,0.04929760942131814
final_plus_disagreement,0.725,0.049823538540266415
final_plus_disagreement,0.73125,0.05050915133521838
final_plus_disagreement,0.7375,0.05032293984360216
final_plus_disagreement,0.74375,0.05165557598333373
final_plus_disagreement,0.75,0.051669929177789155
final_plus_disagreement,0.75625,0.05140630124209234
final_plus_disagreement,0.7625,0.0521862455811793
final_plus_disagreement,0.76875,0.05205411492735841
final_plus_disagreement,0.775,0.05301841296316983
final_plus_disagreement,0.78125,0.052867974605186906
final_plus_disagreement,0.7875,0.05389816440263366
final_plus_disagreement,0.79375,0.054479304060317355
final_plus_disagreement,0.8,0.055460965987259525
final_plus_disagreement,0.80625,0.05639249902635231
final_plus_disagreement,0.8125,0.05673063333389234
final_plus_disagreement,0.81875,0.057815058698400805
final_plus_disagreement,0.825,0.05894570152157057
final_plus_disagreement,0.83125,0.06006269641110054
final_plus_disagreement,0.8375,0.0607039120105073
final_plus_disagreement,0.84375,0.061515690450368206
final_plus_disagreement,0.85,0.06269598929928662
final_plus_disagreement,0.85625,0.06371144017050297
final_plus_disagreement,0.8625,0.06461852914192635
final_plus_disagreement,0.86875,0.06567738127368856
final_plus_disagreement,0.875,0.06636102505793466
final_plus_disagreement,0.88125,0.06693978786176574
final_plus_disagreement,0.8875,0.06824079311061666
final_plus_disagreement,0.89375,0.0690474074944009
final_plus_disagreement,0.9,0.06984386045355073
final_plus_disagreement,0.90625,0.07035891536955842
final_plus_disagreement,0.9125,0.07139024413201454
final_plus_disagreement,0.91875,0.07247727177489778
final_plus_disagreement,0.925,0.0735372093314179
final_plus_disagreement,0.93125,0.0744437258128627
final_plus_disagreement,0.9375,0.07528312939684413
final_plus_disagreement,0.94375,0.07596980237639556
final_plus_disagreement,0.95,0.0767000230854438
final_plus_disagreement,0.95625,0.07762806060072974
final_plus_disagreement,0.9625,0.07875630196038538
final_plus_disagreement,0.96875,0.07963168494164939
final_plus_disagreement,0.975,0.08087484270576209
final_plus_disagreement,0.98125,0.08201359207888463
final_plus_disagreement,0.9875,0.0831179191629168
final_plus_disagreement,0.99375,0.08432399557155126
final_plus_disagreement,1.0,0.08554111396721821
