sample_id,dataset,split,image_path,person_index,localization_l2,failure,final_entropy,final_negative_peak,final_negative_margin,final_spread,pairwise_peak_distance_mean,pairwise_peak_distance_max,pairwise_js_mean,pairwise_js_max,geometry_semantics_conflict,semantic_peak_outside_geometry_support,probe_l2_2,probe_l2_5,probe_l2_8,probe_l2_11,risk_random,risk_final_confidence,risk_final_plus_disagreement
synthetic-8febc3b802b5bfdb1c7a,synthetic,smoke,synthetic/synthetic_00000.jpg,0,0.034213618215305025,0,0.7003529602024808,-0.02092233384323503,-0.00027815353561224873,0.12504759864630313,0.0674012422432557,0.09677419354838712,0.16244942194223636,0.28129434056458824,0.022809896167307983,0,0.026621426496890605,0.061068525359531056,0.05458845918168893,0.08918345876164063,0.28357229100322745,1.1856939113206084,0.49019096070348933
synthetic-23a1e8512bc6cca60e85,synthetic,smoke,synthetic/synthetic_00001.jpg,0,0.03240364153830133,0,0.6390392776203189,-0.03227742537412982,-0.0019381966610697264,0.10110347519986386,0.05318775390856001,0.09123958466923186,0.07607704143562907,0.15327887113715108,0.025502239194906257,0,0.036010077562205235,0.036010077562205235,0.004818567476105131,0.06862591554106523,0.4510732761727376,0.493263619779414,0.004607159980115399
synthetic-d69b4d1c32739f046109,synthetic,smoke,synthetic/synthetic_00002.jpg,0,0.08892808657830807,0,0.5185340593314491,-0.06749343747338904,-0.0005349222887840316,0.06659614754274236,0.03798115646368803,0.07213122508063831,0.0609116396262219,0.14515018751259395,0.016129032258064502,0,0.04399166904479058,0.06751296405764354,0.06751296405764354,0.08892808657830807,0.486843391085651,-0.6124595518668431,-0.575700355250368
synthetic-bb41d45375f0d728eec7,synthetic,smoke,synthetic/synthetic_00003.jpg,0,0.034005404906766554,0,0.5370547268828719,-0.06519687531946829,-0.008610754675274099,0.07100146229653885,0.03133562970293652,0.045619792334615994,0.03506841283695213,0.06404154057956177,0.011404948083654,0,0.01840927676976371,0.03647313180383127,0.01284444200731416,0.01284444200731416,0.6815627318523436,-0.862736288626956,-0.8075721445737734
synthetic-12eac0e7f52001725693,synthetic,smoke,synthetic/synthetic_00004.jpg,0,0.015629141172155005,0,0.4992452577172795,-0.0806525773802657,-0.0038255255817054717,0.06228094220857847,0.03671197378895799,0.045619792334615945,0.037115453034686836,0.07061686634986508,0.016129032258064505,0,0.01769893097870766,0.015629141172155005,0.029319201080167584,0.030472900354072092,0.03580633311029724,-1.0154780003717083,-0.8537655645581927
synthetic-ba82a126abe637febf95,synthetic,smoke,synthetic/synthetic_00005.jpg,0,0.146403657383066,0,0.5475512640539263,-0.05976834570858947,-0.004238995385459965,0.0736313735544507,0.07214037890056589,0.1163081056601287,0.21731484092321543,0.45727888190737326,0.03421484425096198,0,0.047977704704285196,0.037854644776360066,0.07653260337895172,0.13563431318322572,0.03973360995890041,-0.5313791132127839,-0.09167253377668134
synthetic-1af74a49448f03f4954e,synthetic,smoke,synthetic/synthetic_00006.jpg,0,0.029533282469193702,0,0.5114825927202901,-0.07621790723085382,-0.006100212070577121,0.06497918385935958,0.04335750054970958,0.07213122508063839,0.060204564488045426,0.10451594324568335,0.016129032258064512,0,0.001718760117829777,0.029533282469193702,0.042938182874913855,0.03137843783792114,0.9129156460309285,-1.0079635420856303,-0.7589371529561824
synthetic-0231217b21722266dbbb,synthetic,smoke,synthetic/synthetic_00007.jpg,0,0.14655951061070116,0,0.644904278095789,-0.029948065618079184,-0.00023089254122516528,0.10318782826507214,0.07492292917020928,0.13300340727798904,0.208393677268654,0.4532491485660576,0.025502239194906278,0,0.032061208051133924,0.0767204760084614,0.1190286623541356,0.14655951061070116,0.8136930441259058,0.6435935696847029,0.4476622073193089
synthetic-ee21c5ab27a1511b7361,synthetic,smoke,synthetic/synthetic_00008.jpg,0,0.05406535996105747,0,0.5696306601494541,-0.0508838131076621,-0.002756025230202186,0.0795400461927729,0.031335629702936484,0.04561979233461593,0.031255070858828976,0.07175306628007708,0.0,0,0.060985697593165175,0.03635313180811954,0.022920689977665085,0.022920689977665085,0.39576818641374845,-0.2267795818129481,-0.5307143116299792
synthetic-976ae6a67e85a9cc7b0f,synthetic,smoke,synthetic/synthetic_00009.jpg,0,0.030717622233756695,0,0.5941263642329333,-0.04239137106399196,-0.0007394603398356361,0.08653037349015227,0.050003027310461134,0.07213122508063842,0.11434867141768783,0.19513742157590913,0.011404948083653981,0,0.07104222656083096,0.030717622233756695,0.07262069589029896,0.04952469330885185,0.19673512448885833,0.12155462392465229,-0.15281447628074277
synthetic-c6106c41c66d1ca6bb27,synthetic,smoke,synthetic/synthetic_00010.jpg,0,0.042512615145107326,0,0.564276913677686,-0.053721085694986896,-0.004811714348150795,0.07802598687001099,0.030413194889743964,0.045619792334615945,0.0616038480329446,0.13840690202655664,0.016129032258064505,0,0.042512615145107326,0.04195517276716404,0.04195517276716404,0.042512615145107326,0.3671015887984207,-0.3900687764428128,-0.5378220247425173
synthetic-9ffef11a6e572de7bb58,synthetic,smoke,synthetic/synthetic_00011.jpg,0,0.10034995900655685,0,0.6488232601051742,-0.02890913339468667,-0.0001787703928119548,0.10464900672120622,0.08647451580689815,0.1612903225806451,0.22931212522172376,0.5073876614826167,0.025502239194906257,0,0.056341684069473257,0.03629906357497175,0.05644462725804723,0.10034995900655685,0.4207560121677172,0.6873418479369622,0.5825004069599458
synthetic-f53ebb37cd4cd7cb490c,synthetic,smoke,synthetic/synthetic_00012.jpg,0,0.02916440390642003,0,0.5674167879280975,-0.052224961730541496,-0.002793799906669489,0.07887957569087033,0.03763440860215053,0.06451612903225806,0.059411098980701654,0.10812737735555253,0.011404948083653981,0,0.02916440390642003,0.02148781366067188,0.05650242273140028,0.05650242273140028,0.06748848342952041,-0.2569819569137486,-0.45258887597696185
synthetic-bef18302cf2af1b681fd,synthetic,smoke,synthetic/synthetic_00013.jpg,0,0.2596584942859997,1,0.7437301498708919,-0.015398780876302646,-5.31426635785176e-06,0.14532814748299078,0.1521764165412374,0.27371875400769585,0.44523524907874007,0.6778603028578916,0.5665017036389945,1,0.06179105452942087,0.10410249500152058,0.1661991260844213,0.3030877158544626,0.9382057597082588,1.648409672542987,1.9201280980056228
synthetic-0ed720f49aad89c9d675,synthetic,smoke,synthetic/synthetic_00014.jpg,0,0.17029400139172962,1,0.5937663667316544,-0.03865937575304528,-0.003607861104669402,0.09031608782171499,0.11403099499488188,0.19621814613865218,0.3315485934892271,0.6063582043284621,0.545619792334616,1,0.036203239613586354,0.043485418681807754,0.10993566256740313,0.17029400139172962,0.027428196051121123,0.061678076736981974,0.8639741412041142
synthetic-422ece4660a7ef0d4245,synthetic,smoke,synthetic/synthetic_00015.jpg,0,0.009831277248997008,0,0.7062874899540809,-0.01962638926624285,-0.000825756982859846,0.12828140836984778,0.03133562970293655,0.04561979233461603,0.04382160993215214,0.10337853709713296,0.011404948083654021,0,0.04088054139417745,0.009831277248997008,0.05281116477928666,0.009831277248997008,0.5625359911747366,1.2312444756167287,0.1502268866507076
synthetic-6efd9dd411e97bf6c61a,synthetic,smoke,synthetic/synthetic_00016.jpg,0,0.09281141229274549,0,0.5114244937757996,-0.07371907150259928,-0.00372973637147625,0.06496608478734645,0.045619792334615945,0.09123958466923189,0.08707305629169881,0.2178539083034186,0.016129032258064502,0,0.034106230781575674,0.05417999275516788,0.05417999275516788,0.09281141229274549,0.9658983089290241,-0.8702472592856441,-0.5846285223679695
synthetic-50da5b67feff26631223,synthetic,smoke,synthetic/synthetic_00017.jpg,0,0.1683092734065427,1,0.5784828545514881,-0.04778819661495544,-0.00098917254344464,0.0819762170727627,0.08371379877189293,0.13300340727798907,0.2889664505015107,0.4812886985450133,0.03606561254031919,0,0.043309822859504396,0.043309822859504396,0.14063299913829616,0.17123199361176983,0.9371927282655681,-0.0514968444579646,0.24644470354220388
synthetic-49a49ff9eac72f6879cf,synthetic,smoke,synthetic/synthetic_00018.jpg,0,0.27906293887826206,1,0.7011912622217151,-0.020856517104796895,-0.0004851648419348445,0.1254053820641849,0.20759176015479372,0.3677985242255284,0.5302016868479363,0.6918078753725518,0.545619792334616,1,0.07676159742270583,0.09698395779110838,0.20950605895868898,0.29268372362553147,0.3486310858895535,1.183573321241094,2.056306518853342
synthetic-a9c4281b25bbd2ab1924,synthetic,smoke,synthetic/synthetic_00019.jpg,0,0.05856921512389377,0,0.5034385415230149,-0.08228695852327178,-0.013439489005990762,0.06319266029157805,0.03133562970293652,0.04561979233461601,0.04289654520107772,0.06789678335973817,0.0,0,0.0223756675094897,0.053154754918906796,0.0332504960299111,0.0332504960299111,0.6420272508378754,-1.470033563266986,-1.0759417514984735
synthetic-64f72d163a70935dabe5,synthetic,smoke,synthetic/synthetic_00020.jpg,0,0.07019861369856298,0,0.3522556254756832,-0.19772340816049933,-0.028879281933692047,0.037420919804238,0.05318775390856007,0.09123958466923199,0.1144268687060883,0.2786846710484192,0.016129032258064543,0,0.03717460435356233,0.009109953046376167,0.039100585735428905,0.07471285298302667,0.506251465126616,-4.146774128184181,-1.968257648452262
synthetic-e367bd13a9d113d5221a,synthetic,smoke,synthetic/synthetic_00021.jpg,0,0.03213866107389742,0,0.5974552643178309,-0.04305140906825988,-0.0036920017945910183,0.08753382589567014,0.029108675066522014,0.04561979233461597,0.040687581971526034,0.06759213444926587,0.011404948083654,0,0.011637459295185355,0.03213866107389742,0.03213866107389742,0.035866819091120945,0.5421755766825463,-0.0035646570936900164,-0.42517314636531606
synthetic-f518c875ed1c8cb002b8,synthetic,smoke,synthetic/synthetic_00022.jpg,0,0.039242728770862996,0,0.6607057522896512,-0.027381008844219727,-0.00036745882735659055,0.10901064625887731,0.04431527251139405,0.06451612903225809,0.058574569370552367,0.0917487539121622,0.011404948083653992,0,0.004951549896225183,0.04450086082411025,0.039242728770862996,0.039242728770862996,0.7717799387474376,0.7872115070649796,0.019734666304760475
synthetic-8fd1f269d84e390e251c,synthetic,smoke,synthetic/synthetic_00023.jpg,0,0.03031226845825465,0,0.47407026205381264,-0.09401888144194771,-0.006663707053296955,0.05707724119695723,0.03798115646368808,0.07213122508063842,0.0347437323619267,0.09274363659351165,0.011404948083654021,0,0.03321509903456235,0.036962698176716824,0.036962698176716824,0.047440478118457266,0.19666328672892752,-1.4302411529832828,-0.9896832861509625
synthetic-02d3c30147471d3bda5d,synthetic,smoke,synthetic/synthetic_00024.jpg,0,0.14598558673160553,0,0.6558273294192584,-0.028827594492692416,-0.0022002853870933883,0.10716185760443805,0.09484401249885727,0.16129032258064516,0.2242712146694802,0.45016660336311454,0.5411211251096193,1,0.03241352651861294,0.033368636047441474,0.0929293768716038,0.16502725745665445,0.10592700612619177,0.6454181618605918,0.854692572550991
synthetic-54c17b9dcf7ccf4abe29,synthetic,smoke,synthetic/synthetic_00025.jpg,0,0.18358664999176214,1,0.6634421990873212,-0.026074342121042045,-0.00040660430331287273,0.11053908358712364,0.11552060742207067,0.19354838709677424,0.32851807040034203,0.5967954945832477,0.545619792334616,1,0.03913106834589176,0.03913106834589176,0.10829950236479416,0.2051781480708885,0.8058420361100915,0.8256206210595165,1.1961665563731416
synthetic-7b2dd62fc9e1b3fca9b5,synthetic,smoke,synthetic/synthetic_00026.jpg,0,0.019770948958474338,0,0.712453148184226,-0.018982788252743837,-0.0007781056014098328,0.13076343438944812,0.059486532807774085,0.09123958466923195,0.09237555259753766,0.20126659140404174,0.011404948083654,0,0.051447582816104336,0.0495733428238097,0.02328754173735939,0.019770948958474338,0.3842144690764059,1.2913281572960846,0.40493869909616076
synthetic-f37185462121c0c3934c,synthetic,smoke,synthetic/synthetic_00027.jpg,0,0.057456125505774676,0,0.5546907902176181,-0.05412504427787638,-0.0011865137002754975,0.0755260789833224,0.029108675066522,0.045619792334615945,0.033492301188665786,0.061170235917385574,0.011404948083653981,0,0.030199573293996716,0.02523419902062889,0.055008698686740076,0.02523419902062889,0.5039394730902634,-0.2826555062833717,-0.558253209388681
synthetic-116ac12b958ac7450641,synthetic,smoke,synthetic/synthetic_00028.jpg,0,0.03338607017999247,0,0.47617840082887836,-0.09868470717748742,-0.017083305115080397,0.05749578907054184,0.030413194889744005,0.04561979233461601,0.03523829806504636,0.0772723458626261,0.011404948083654021,0,0.03338607017999247,0.07682167834748328,0.03338607017999247,0.07682167834748328,0.7312622732686558,-1.9655087445540684,-1.293169644319988
synthetic-91f2a912539753c152c9,synthetic,smoke,synthetic/synthetic_00029.jpg,0,0.009567934162110372,0,0.5766709042711609,-0.04908661077923347,-0.003807088527260076,0.08145023320924023,0.04650688999931657,0.07213122508063836,0.0847073722068994,0.18283597525106754,0.022809896167307983,0,0.03467628630469503,0.009567934162110372,0.03908295487837497,0.02467262382147191,0.39092050712603976,-0.21277026577948915,-0.33375356658239225
synthetic-c3e774ee3906cda5d94b,synthetic,smoke,synthetic/synthetic_00030.jpg,0,0.14010229216956133,0,0.6072391172853878,-0.03888248568551903,-0.0010894437631474366,0.09055951627236254,0.07603298722435993,0.13685937700384787,0.1991654632651003,0.4032955348160613,0.0,0,0.020410552750247533,0.027668107096723283,0.11481350584232664,0.07085695193176786,0.9697754632483395,0.23258367389084228,0.22554162611528053
synthetic-5392f5f51fe73b263c81,synthetic,smoke,synthetic/synthetic_00031.jpg,0,0.0740602776722342,0,0.5884688401216105,-0.04570377246988409,-0.0039590777198871205,0.08484976717697047,0.0420883178749795,0.06451612903225801,0.08282200625776574,0.13516758232952486,0.011404948083653981,0,0.030062180447694084,0.054756787911656585,0.0496468721664905,0.0740602776722342,0.31086352232125236,-0.10557726760688069,-0.3412095670195229
synthetic-8028cf76ef9db4ce9e83,synthetic,smoke,synthetic/synthetic_00032.jpg,0,0.07959481616787395,0,0.5137845305451066,-0.07393846062170646,-0.005473512965198518,0.06550924460260209,0.06923147474347983,0.10200895677962515,0.18517036248645366,0.3806674626646425,0.0255022391949063,0,0.03630938331378553,0.013022655342245995,0.058439407430869866,0.07959481616787395,0.2845871010575127,-0.9417294822585929,-0.37236718166733956
synthetic-02aeab00e4ef6b1ec883,synthetic,smoke,synthetic/synthetic_00033.jpg,0,0.007219212916497855,0,0.6452203324875263,-0.030029185389281076,-0.001246432352099404,0.10362129734356651,0.04462668322443967,0.07213122508063845,0.04493261091376229,0.1072020828340056,0.02550223919490631,0,0.007219212916497855,0.0479811357082871,0.0479811357082871,0.024450181250567433,0.7847038953225555,0.6000126956265125,-0.04632769223794603
synthetic-1bacede659749910820c,synthetic,smoke,synthetic/synthetic_00034.jpg,0,0.04315262273153235,0,0.6581613585415343,-0.02819316737186855,-0.001197327887096148,0.1080320642941948,0.02910867506652204,0.04561979233461601,0.027544274495359875,0.06924972572711657,0.011404948083653981,0,0.025270026110548977,0.056347826941754595,0.056347826941754595,0.06632233583069931,0.6690759872576326,0.7186461016645962,-0.11384681006271201
synthetic-685a2ff3d4d4a44d4fa9,synthetic,smoke,synthetic/synthetic_00035.jpg,0,0.04378884852032932,0,0.5548635330761607,-0.05661243946752389,-0.004510119271788807,0.07552940331126452,0.02910867506652204,0.04561979233461601,0.029287420163961065,0.045327676650381135,0.0,0,0.022972885534921297,0.06533839781937376,0.04378884852032932,0.04378884852032932,0.3428245108250486,-0.4660887699351317,-0.6579438378661191
synthetic-80bd77b9a19c1ed3a5df,synthetic,smoke,synthetic/synthetic_00036.jpg,0,0.1511277491169462,1,0.5544403982943851,-0.057409966202489615,-0.005580586987302148,0.0754105454944731,0.1076975524243362,0.18809522241436452,0.27023291987580506,0.5407741206999588,0.036065612540319154,0,0.022740153108966887,0.06930585595403801,0.12196053976024533,0.1917753940250888,0.6873148713205932,-0.5282833196036651,0.19205868286431083
synthetic-26bfb9c5fbbe26cc6bd7,synthetic,smoke,synthetic/synthetic_00037.jpg,0,0.2209329146881524,1,0.6087896880747808,-0.03497505129761404,-0.0006191909368313681,0.10109370017572715,0.15529416847001484,0.2885249003225535,0.4068304058206745,0.674030092186497,0.5470238056035911,1,0.051432680243052746,0.1337550206019937,0.17741512072162702,0.2457817205541716,0.5311037246756358,0.4234395413220189,1.3611689621448133
synthetic-ed90df3a8a3e606a901d,synthetic,smoke,synthetic/synthetic_00038.jpg,0,0.0314221608310018,0,0.6186488115409611,-0.035574548675058236,-0.0003177184779887682,0.09429273315660168,0.053187753908560065,0.09123958466923199,0.0688738678586065,0.17770077521249553,0.016129032258064505,0,0.008458890307831292,0.07788120960283015,0.0314221608310018,0.0314221608310018,0.24595643803742984,0.3863709551221256,-0.04165025445316836
synthetic-dabc5391cdf6b83a3476,synthetic,smoke,synthetic/synthetic_00039.jpg,0,0.2220363339032731,1,0.6666169865464688,-0.024718471864329735,-6.877286498857896e-05,0.11238892722045751,0.10514461080802806,0.1737149937785324,0.3304982978098035,0.5832408092526221,0.03606561254031919,0,0.055146396128890614,0.0661507145984317,0.15985085650531808,0.19091792071291996,0.23925063092802357,0.8881433731655168,0.8640213633240892
synthetic-3384578e9d2de21672fb,synthetic,smoke,synthetic/synthetic_00040.jpg,0,0.09671400847613085,0,0.6282889097412828,-0.03393305275993953,-0.0001506401827390813,0.09740690889800432,0.06223920012119072,0.10200895677962513,0.14542687686417807,0.3035412181263283,0.016129032258064505,0,0.0029644704047366143,0.06546401544824143,0.1016537452531885,0.09671400847613085,0.9575466653446715,0.48156922390010587,0.16534855968970058
synthetic-6146c6bc601444261a9a,synthetic,smoke,synthetic/synthetic_00041.jpg,0,0.055265003676265,0,0.5068979116049902,-0.08071050775222674,-0.01475604739229816,0.06395485365995478,0.042088317874979526,0.06451612903225806,0.03278276744888017,0.08321523759086502,0.011404948083653981,0,0.02720658880178574,0.030342166250673645,0.019866489005219017,0.055265003676265,0.699129913063206,-1.4974840530379199,-1.0264349212763073
synthetic-e1c4ac642369322a456a,synthetic,smoke,synthetic/synthetic_00042.jpg,0,0.03287061214000439,0,0.5870433182045828,-0.04610102526788312,-0.004448717643132788,0.08444225973298147,0.029108675066522,0.045619792334615945,0.031298190191720233,0.06611390763233718,0.011404948083653981,0,0.03287061214000439,0.03287061214000439,0.057209915675943336,0.02002762978784085,0.6200676924719304,-0.14296276166365504,-0.4953895526807408
synthetic-a2ed21e931f2bee2eb9b,synthetic,smoke,synthetic/synthetic_00043.jpg,0,0.037331353089265565,0,0.4291007409899573,-0.13711583059602986,-0.03644760127232423,0.048840165382756734,0.04462668322443958,0.07213122508063831,0.08285686125386513,0.14872573104549405,0.011404948083653981,0,0.025097838436634223,0.025097838436634223,0.037331353089265565,0.05284263849131291,0.12662909080142704,-3.5341431266778716,-1.8404242432374995
synthetic-bbcd3080114176d3eec3,synthetic,smoke,synthetic/synthetic_00044.jpg,0,0.040550966743067594,0,0.6160829392478417,-0.03634505294370012,-0.0009858880938719491,0.09365223405371724,0.03133562970293655,0.04561979233461605,0.04683428081611193,0.09432221551208123,0.0,0,0.03772925356947181,0.03772925356947181,0.06967538083100981,0.040550966743067594,0.9289859619508626,0.3299857204103035,-0.259253226955783
synthetic-ecfb841598d20a7455f7,synthetic,smoke,synthetic/synthetic_00045.jpg,0,0.02507014923916621,0,0.5404017314390831,-0.06308822278574545,-0.006435565213432838,0.07182932497889985,0.01612903225806453,0.03225806451612906,0.028467916823694067,0.06852374232119991,0.0,0,0.02507014923916621,0.02507014923916621,0.0063552114350438,0.02507014923916621,0.9111103008086135,-0.715873718049575,-0.8107238206067845
synthetic-3ccc02e5c85963351d13,synthetic,smoke,synthetic/synthetic_00046.jpg,0,0.03734285876377539,0,0.5906583348442137,-0.044885697770597026,-0.0029841576272342935,0.08549594636261067,0.016129032258064502,0.032258064516129004,0.032150828947989984,0.054075721139417554,0.0,0,0.04169450491685303,0.03734285876377539,0.03734285876377539,0.03734285876377539,0.6645240646967957,-0.03518399516994182,-0.5126503263332829
synthetic-3c5b2ac3ad022fb9bc65,synthetic,smoke,synthetic/synthetic_00047.jpg,0,0.18696335015172644,1,0.6771546901227848,-0.023428240631061845,-0.00012208461267611964,0.11610447615891147,0.1482513012976808,0.24567010018915836,0.4141612574986115,0.6391569346388875,0.55702474041827,1,0.04579524840829728,0.09172913014222484,0.0990530694509604,0.19533829499712999,0.09498561055469246,0.9797961247215994,1.5218869195693736
synthetic-d0beb2e7da8d6c3cd57c,synthetic,smoke,synthetic/synthetic_00048.jpg,0,0.0358619650155432,0,0.5988439160766769,-0.04113226354102447,-0.0008904370241117759,0.08798223249401184,0.03763440860215053,0.06451612903225806,0.058652836062459614,0.13575015272062108,0.0,0,0.05787971082855319,0.05787971082855319,0.034281556906814364,0.0358619650155432,0.6259206852089346,0.16028347770114462,-0.26028864696809395
synthetic-e366fcce947cfc174755,synthetic,smoke,synthetic/synthetic_00049.jpg,0,0.09116747309496975,0,0.5258750468479468,-0.05912220796755174,-0.0019499678759285835,0.07453664050937452,0.07269597453379477,0.13300340727798904,0.16925402424419936,0.3682223653288964,0.011404948083654021,0,0.05016628330167657,0.023049285572725536,0.04883939544521058,0.07869198516681516,0.6105753225252264,-0.48134348470586313,-0.14117070966891776
synthetic-87ee7fbc851eac2503b7,synthetic,smoke,synthetic/synthetic_00050.jpg,0,0.25649727135596756,1,0.7101116668598869,-0.019603466031666936,-0.0003705274729011894,0.12936664101929776,0.18657746197433211,0.34290792944305326,0.4956753173036302,0.6904047599759833,0.5483870967741935,1,0.04137641729085524,0.14387413596023269,0.1866917599526814,0.3001150445840328,0.28419708950503153,1.2801536671989595,1.982023572927057
synthetic-bf50a01d2f3b41e9f413,synthetic,smoke,synthetic/synthetic_00051.jpg,0,0.01700026514142429,0,0.6340354541923245,-0.0308361172530414,-0.001388598589298136,0.10070426868175883,0.041165883061786986,0.06451612903225806,0.06053204234570287,0.098234440807228,0.022809896167307983,0,0.014266771504729964,0.036023586088186704,0.014266771504729964,0.03512042532636034,0.26851484040783236,0.5106578769751426,-0.09975369057314877
synthetic-85950b55d1d9b25672e6,synthetic,smoke,synthetic/synthetic_00052.jpg,0,0.06544575830592324,0,0.6351007068942441,-0.03260639559415219,-0.0011457774855592046,0.09973662330015012,0.05813203870989922,0.10200895677962506,0.11272068256290003,0.2409252932703776,0.022809896167307962,0,0.039909679867842024,0.034830151756732354,0.02181512636482588,0.09646906285995337,0.11445145116331645,0.4980807353315616,0.10776761798052152
synthetic-7d13f7f3ec7f115bd6ce,synthetic,smoke,synthetic/synthetic_00053.jpg,0,0.01873164519505898,0,0.6044976223401788,-0.041018713011950175,-0.004373810244567976,0.08971842650055269,0.042088317874979485,0.06451612903225801,0.05036040539142519,0.10631521194351497,0.016129032258064505,0,0.04709100562176033,0.045693370371941024,0.01873164519505898,0.020911988259333197,0.2519384217919223,0.03380444881584861,-0.31721186132100115
synthetic-8ef591acdd7ffdd110e1,synthetic,smoke,synthetic/synthetic_00054.jpg,0,0.012021942177916045,0,0.6833072884254983,-0.021706100324032886,-0.0013458765307007153,0.12035141866976196,0.016129032258064516,0.03225806451612903,0.017465573100458917,0.038177440500009166,0.0,0,0.02170596522889133,0.012021942177916045,0.012021942177916045,0.012021942177916045,0.021179156073023897,1.0095148484854768,-0.06821886165363804
synthetic-9fd9e611120c65322992,synthetic,smoke,synthetic/synthetic_00055.jpg,0,0.056413942789232584,0,0.521423172664916,-0.07091295544278405,-0.0060188353224475966,0.06726240902367829,0.021505376344086002,0.032258064516129004,0.03755533291942801,0.08860341984481464,0.011404948083653981,0,0.03611414469641627,0.03611414469641627,0.056413942789232584,0.056413942789232584,0.7936951149837687,-0.891490891543437,-0.8506218817735323
synthetic-db1565b8b00a6984c2e1,synthetic,smoke,synthetic/synthetic_00056.jpg,0,0.14796658039811808,0,0.6559490399212086,-0.025102794318150337,-0.00046390767918062445,0.1092616456037563,0.1108687049896442,0.18247916933846386,0.3326760985909846,0.5412789038265352,0.5360656125403191,1,0.02533396468237918,0.04935039328661191,0.11124220606339907,0.15196687726597538,0.03114752881025018,0.7898393195409188,1.1214469815626706
synthetic-3bf91bb46f088466e1d2,synthetic,smoke,synthetic/synthetic_00057.jpg,0,0.025211875003252098,0,0.5552571750551796,-0.057089967559667734,-0.004380736850260476,0.07562432425843851,0.04431527251139399,0.06451612903225801,0.07911233821899093,0.12154711671138066,0.011404948083653981,0,0.04163289916077753,0.04163289916077753,0.006412414118880212,0.038614815677764744,0.9553205112525852,-0.4617530381610101,-0.5036854817921088
synthetic-4883e03db9a696f6cf22,synthetic,smoke,synthetic/synthetic_00058.jpg,0,0.18888971822693051,1,0.6051644572226496,-0.0348575829150434,-0.001880809623766612,0.09271458978063925,0.11570443611282022,0.20655239475589832,0.3487261701388729,0.6335797688670918,0.55702474041827,1,0.032641569187662416,0.032641569187662416,0.10211090887995788,0.23273384932499241,0.6650666971658271,0.25030645712185545,1.001497973925461
synthetic-76758b00506b68572ea0,synthetic,smoke,synthetic/synthetic_00059.jpg,0,0.02141865580094759,0,0.6044431566952905,-0.038599526891403675,-0.0018810259634632898,0.09030535934281293,0.022809896167307983,0.045619792334615966,0.03175439200508325,0.08461982044315178,0.011404948083653992,0,0.02141865580094759,0.03428605518169906,0.02141865580094759,0.02141865580094759,0.7509906692495473,0.18388249336998722,-0.3565880932955943
synthetic-4772651795ab596fdd60,synthetic,smoke,synthetic/synthetic_00060.jpg,0,0.05343794942115534,0,0.579764970100349,-0.04854493503274628,-0.004163336590353041,0.08232834047468311,0.056301806209675176,0.07213122508063842,0.08361893279530502,0.13473018744791004,0.011404948083653981,0,0.03567528001935648,0.02232567694969097,0.08910784353024981,0.08465174555444176,0.07191809012013695,-0.20336080329252548,-0.3364129737266455
synthetic-8237a807ac212e9e362a,synthetic,smoke,synthetic/synthetic_00061.jpg,0,0.015757343225586428,0,0.6348616124831331,-0.03242790002017033,-0.00022459665205380036,0.09966596568895088,0.044626683224439585,0.07213122508063832,0.08028641207304134,0.1467535299830415,0.0,0,0.04709037737186045,0.04709037737186045,0.037461564868035556,0.037568753374442466,0.21248316573460813,0.5426218776675531,-0.03828396511491157
synthetic-03afeab5f0034ca554b6,synthetic,smoke,synthetic/synthetic_00062.jpg,0,0.14452682327466457,0,0.6715222156897618,-0.025853757384091194,-0.0016821584767067292,0.11315094213196102,0.11389374623995217,0.2163936752419151,0.3584718103555056,0.6394293772896398,0.5411211251096192,1,0.025306253187465703,0.0477120932695832,0.0747000016873416,0.18666920911526888,0.061431104272504755,0.8261273413520136,1.2684674732092465
synthetic-2912ffbcf97c2eb7721d,synthetic,smoke,synthetic/synthetic_00063.jpg,0,0.11547230353117284,0,0.5781902113778917,-0.047838142721729496,-0.0019838034818099454,0.08189213798181186,0.08240269154409863,0.13685937700384787,0.19122055469897783,0.4018435351796865,0.025502239194906257,0,0.0359523328574537,0.051378617464033625,0.07357881489369923,0.11547230353117284,0.5629658197661824,-0.1021429371693223,0.1011299465782393
synthetic-8357ae6b15d1860fee58,synthetic,smoke,synthetic/synthetic_00064.jpg,0,0.16920757696111272,1,0.5735175918207837,-0.04876314383757164,-0.0005512601293102964,0.0805649482409001,0.07417575954481902,0.10200895677962517,0.17917815084391922,0.33110541029386975,0.022809896167307983,0,0.05915627489594961,0.06196366713037116,0.09103117252127825,0.12501879981292138,0.7824605903159123,-0.07408425334907484,-0.005698473017505029
synthetic-c300743a2e41b96d899b,synthetic,smoke,synthetic/synthetic_00065.jpg,0,0.20035426341007842,1,0.6922645073783684,-0.02169281865573938,-0.0007512160022023172,0.12206351232187333,0.12819599450191407,0.2280989616730798,0.3591941242806229,0.6395174150436393,0.55702474041827,1,0.045367806209847324,0.07665133906870998,0.13772791167541468,0.2626666754831672,0.355496333672246,1.0909517570946918,1.4501278119841128
synthetic-c5ddd7068139444444ba,synthetic,smoke,synthetic/synthetic_00066.jpg,0,0.03404438911890739,0,0.509304669388455,-0.07951668533884662,-0.015473171775444827,0.06449054408609856,0.0313356297029365,0.04561979233461597,0.011469744507119939,0.02808608825028544,0.011404948083653981,0,0.02618837909584055,0.02618837909584055,0.024044441902246666,0.03404438911890739,0.6822827724166021,-1.5059883119663215,-1.1307367154640546
synthetic-c47c7e7d088b50e1c770,synthetic,smoke,synthetic/synthetic_00067.jpg,0,0.12680225268989803,0,0.6150096806037798,-0.03815189151474434,-0.003273701988435483,0.09302467921454656,0.05376344086021507,0.09677419354838712,0.1392750521848627,0.3361139323374961,0.022809896167307983,0,0.06535112880104178,0.016590020612041304,0.0959073936743229,0.0959073936743229,0.6767675987965228,0.19103303450563006,0.022368107489277762
synthetic-7a17098d676a0084ffa5,synthetic,smoke,synthetic/synthetic_00068.jpg,0,0.17350290414277555,1,0.6563140515081012,-0.028701231943483452,-0.001999793306888129,0.10734143587148215,0.06719609409922665,0.11630810566012867,0.1709806205496511,0.32857128615893283,0.025502239194906278,0,0.0653293879515794,0.03450884026182792,0.10375088626656044,0.14548819152104941,0.05233537626093199,0.660191559244371,0.3170589204992979
synthetic-137b69be4c3ce01aa50e,synthetic,smoke,synthetic/synthetic_00069.jpg,0,0.05337795931798544,0,0.6189325441416208,-0.036904096653671614,-0.001954495325283988,0.09430356040642915,0.09633414743684703,0.1644845004384769,0.2216368792362113,0.43217411348825163,0.0,0,0.07706644714872467,0.022779389156410795,0.09553533758404949,0.05357075367043805,0.9631901689604581,0.29587790125742824,0.37906076605204986
synthetic-7eadf2ce8e8acc749e4c,synthetic,smoke,synthetic/synthetic_00070.jpg,0,0.01986997115511438,0,0.5269565205070491,-0.06987132121455895,-0.009706624026419038,0.06855918124461437,0.03133562970293649,0.045619792334615945,0.041883359414679446,0.10316073763338339,0.0,0,0.05095258754711725,0.03414804885028666,0.01986997115511438,0.03414804885028666,0.6002855524066122,-1.024861623643433,-0.8608384754417384
synthetic-66e6ffc372a36f981f6e,synthetic,smoke,synthetic/synthetic_00071.jpg,0,0.033607065866123366,0,0.6465510943693625,-0.029676835162606326,-0.0005827093898405772,0.10395259155649916,0.03763440860215056,0.06451612903225812,0.08300589906533028,0.1985587742882146,0.011404948083653981,0,0.033607065866123366,0.05764739684412611,0.03535203133508819,0.033607065866123366,0.13392383807805874,0.6441503585131994,0.013083539472876278
synthetic-f86b907aea23679cb55b,synthetic,smoke,synthetic/synthetic_00072.jpg,0,0.273564296143231,1,0.7022205730213675,-0.020251414016673665,-0.00014164444325310763,0.12610713568541257,0.1773079983989194,0.3043219720018259,0.5049610582465419,0.6874520862457869,0.55702474041827,1,0.04364651427395091,0.10336798579721196,0.20483135781740694,0.29283250667165867,0.5673528936267954,1.2179346704449712,1.8853594798933366
synthetic-e32a0bc43064688416ff,synthetic,smoke,synthetic/synthetic_00073.jpg,0,0.0889387537603911,0,0.5841984595239328,-0.04451636202130729,-0.0005384702689591805,0.08362508884316629,0.029108675066522,0.045619792334615945,0.05658568568024103,0.10048399489384,0.011404948083653992,0,0.058344514860177873,0.0889387537603911,0.0888676956568343,0.0888676956568343,0.8754463070421585,0.04110885329428696,-0.3757672053573351
synthetic-b8a48a74c4bc6ab29901,synthetic,smoke,synthetic/synthetic_00074.jpg,0,0.04103932062585779,0,0.5514731549688345,-0.057925910750389796,-0.003538059080141695,0.0746390288396501,0.042088317874979485,0.06451612903225801,0.029212715232411337,0.0678989387319521,0.0,0,0.03446480251865855,0.023684090943180358,0.0689973949584988,0.04103932062585779,0.7822583294830333,-0.45413196947306583,-0.5801107151025007
synthetic-863c17beb40a60a941b5,synthetic,smoke,synthetic/synthetic_00075.jpg,0,0.12770290092846306,0,0.5780205280855991,-0.04289644405339655,-0.0009572935608173974,0.0903398240126639,0.11161762917963723,0.18247916933846386,0.3259457989012859,0.5472374061113079,0.04112112510961923,0,0.04534252610772711,0.04534252610772711,0.08390259519415727,0.15331172941021462,0.993628026586261,0.09419473762954571,0.5215187461856947
synthetic-728737d25071aa529d80,synthetic,smoke,synthetic/synthetic_00076.jpg,0,0.12125799725022857,0,0.5375627107068955,-0.06439697491702304,-0.005535129584867467,0.07112604025547169,0.042399728588025105,0.07213122508063834,0.0842219427497675,0.2081360337336307,0.0,0,0.044775944079482634,0.05883295002158719,0.0900324744338925,0.0900324744338925,0.0018422680452824247,-0.7031271374613803,-0.5631348563872228
synthetic-92ea48759fb74039448e,synthetic,smoke,synthetic/synthetic_00077.jpg,0,0.052163787076400354,0,0.599895975860859,-0.04193492939362552,-0.0020102983750577633,0.08827741882455835,0.0572595781713596,0.09677419354838712,0.11032927385744858,0.2518923872544511,0.011404948083653981,0,0.011551126979524403,0.052163787076400354,0.08333405219944306,0.06318038322671218,0.9777273781635986,0.10588341489109869,-0.07938299530491437
synthetic-0f421dfd7bca2c07d1a0,synthetic,smoke,synthetic/synthetic_00078.jpg,0,0.2086081650666922,1,0.6740267459247076,-0.0246872811308563,-2.0149933943610504e-05,0.11413755133722268,0.12644214161447978,0.2280989616730798,0.3803203081891436,0.6468882305535641,0.5483870967741935,1,0.039808741350517,0.09658194677218733,0.14866793527219999,0.2525196016028009,0.5717903872693136,0.938225192877554,1.3933022701013824
synthetic-59b441239abfa4aff563,synthetic,smoke,synthetic/synthetic_00079.jpg,0,0.03593417516121048,0,0.677920136056589,-0.02234026070841203,-0.0007917193817389111,0.11842113873498275,0.0734948729984407,0.1163081056601287,0.15171501955055974,0.33403651987524274,0.025502239194906278,0,0.06322307301055853,0.03593417516121048,0.06037733573193114,0.07996957380806481,0.11327001080255672,0.9880237132787266,0.46646713497349157
synthetic-4df21414ec8ceeb26003,synthetic,smoke,synthetic/synthetic_00080.jpg,0,0.06551891088122924,0,0.5781121991844366,-0.0488144567490168,-0.0033527726326628565,0.08186260987329518,0.05630180620967518,0.07213122508063845,0.14473125934329176,0.24173347086454022,0.025502239194906292,0,0.048972951821250034,0.04956911676750449,0.02155640892405984,0.06551891088122924,0.8509588337686297,-0.17814994101122628,-0.21329538259600617
synthetic-4c816e79c14ef2633616,synthetic,smoke,synthetic/synthetic_00081.jpg,0,0.18267188908347803,1,0.632132565527434,-0.03279010188250252,-0.001208513057400544,0.09888255506673442,0.10029128200540345,0.16129032258064516,0.2481997452763477,0.45349273586758887,0.03225806451612901,0,0.05966497853322674,0.07001716644054408,0.16769101087516308,0.20956149438208527,0.13753877898526,0.47248681674735127,0.5142345042334205
synthetic-074c8741af63574faa5d,synthetic,smoke,synthetic/synthetic_00082.jpg,0,0.20181275865592552,1,0.6536604761928487,-0.028366819466326052,-3.1248514798389027e-05,0.10636064598582964,0.11401516928437838,0.18809522241436455,0.3734208021742089,0.5988538382550479,0.025502239194906285,0,0.010937360242533884,0.09673733275005922,0.1730784000218833,0.18847246059097233,0.9591619208791937,0.7373410038207512,0.876933010355661
synthetic-6950703996409f435bf5,synthetic,smoke,synthetic/synthetic_00083.jpg,0,0.11559577011285056,0,0.5362025474570565,-0.05636861210628413,-0.003387736229764432,0.07349179461124915,0.050003027310461134,0.07213122508063842,0.1046510957170685,0.21479135202659116,0.011404948083653992,0,0.05693353635562961,0.05175395237974926,0.05556357685705502,0.08513685494876135,0.07252543325627503,-0.50066893756882,-0.4270443871484985
synthetic-ae896c5a339ce6ef16f3,synthetic,smoke,synthetic/synthetic_00084.jpg,0,0.007240209873128108,0,0.5644087453530615,-0.05151813832982059,-0.006191194490656325,0.07874441530224913,0.04431527251139397,0.06451612903225801,0.059736791024719633,0.10925582329081963,0.0,0,0.05739284263292052,0.03696072280871844,0.007240209873128108,0.007240209873128108,0.27326305980243126,-0.4271356964263877,-0.516771602941549
synthetic-1d4e34192afd5224726b,synthetic,smoke,synthetic/synthetic_00085.jpg,0,0.02070664367524346,0,0.6546126893920644,-0.02881576983344191,-0.0011601284016794118,0.10671858463315423,0.05537937139648258,0.07213122508063831,0.09646992651535008,0.16891075868226463,0.022809896167307962,0,0.02354342832233973,0.049799120389546044,0.02070664367524346,0.047645513747006395,0.7415392019181793,0.6862077996838718,0.0910294244104627
synthetic-7c6620b1e42ca1cf5574,synthetic,smoke,synthetic/synthetic_00086.jpg,0,0.025952345117670576,0,0.6922306952735601,-0.020435148943248795,-0.00019571169004569192,0.12360758387360012,0.03133562970293657,0.04561979233461605,0.03450151141157709,0.060106860074102014,0.011404948083654021,0,0.05846691504203166,0.0635715462896614,0.037160064012089926,0.037160064012089926,0.6972208667227717,1.1479451234312263,0.08359595517928042
synthetic-2ed6036f95503d8d4f3c,synthetic,smoke,synthetic/synthetic_00087.jpg,0,0.2117989754568742,1,0.6800516971429449,-0.024043147744482067,-0.000723730972447021,0.11655409583461612,0.12827926245632348,0.18809522241436452,0.41216822271566284,0.5922366816314488,0.0,0,0.04244156156467686,0.06277099736410732,0.2117989754568742,0.2117989754568742,0.2822354862781993,0.9606783915043192,1.0257373834032946
synthetic-f82abaf88aae6f473e2f,synthetic,smoke,synthetic/synthetic_00088.jpg,0,0.1756287280302288,1,0.6245378281297643,-0.031480546165161584,-0.0011182957109496273,0.09925666947004398,0.09619850659673208,0.16129032258064516,0.27637840755727205,0.49858933184073195,0.016129032258064502,0,0.024295851303183544,0.06776060602250102,0.14748975494764086,0.14748975494764086,0.4867916893596568,0.46639492683351014,0.5370870770746584
synthetic-9f23aef1bb2a9b9ce685,synthetic,smoke,synthetic/synthetic_00089.jpg,0,0.029567657499258708,0,0.6702232764681741,-0.025801037712597286,-0.0011103236471865993,0.1127153830529326,0.05725957817135959,0.09677419354838712,0.08078032840467547,0.18862957468272434,0.011404948083653981,0,0.03571623949714427,0.022099796612794244,0.06002692873270729,0.009918949889248312,0.5215830236609701,0.8444302445920071,0.19284509308679756
synthetic-4b62c978364c0847165d,synthetic,smoke,synthetic/synthetic_00090.jpg,0,0.0683728845060817,0,0.5561232120213172,-0.054515400472599174,-0.0011743946448415435,0.07585163996473286,0.02150537634408604,0.03225806451612906,0.05541304942725483,0.1224143990672158,0.011404948083654,0,0.024179671765819706,0.024179671765819706,0.05139654196804173,0.05139654196804173,0.6057942237557983,-0.2767009875370484,-0.5457939255472236
synthetic-bc23ace60658ed8758b1,synthetic,smoke,synthetic/synthetic_00091.jpg,0,0.028316925046884604,0,0.5398291974737365,-0.06308650873638308,-0.004415595255542637,0.0716869385284219,0.04650688999931659,0.07213122508063838,0.06609295674324026,0.14971522321137168,0.022809896167307983,0,0.028316925046884604,0.030967646903065464,0.05919665785644536,0.05096887612562025,0.8191170473238191,-0.6218730825726947,-0.5474163787007496
synthetic-9969872577e27c39075e,synthetic,smoke,synthetic/synthetic_00092.jpg,0,0.039896774224401604,0,0.6317100339990213,-0.032377994234204815,-0.00012798209852976639,0.0987938966846584,0.055379371396482656,0.07213122508063842,0.10543799778020498,0.23363028554329074,0.011404948083654021,0,0.03683056393818023,0.06088907725182696,0.039896774224401604,0.00886719306311312,0.9328502211029266,0.5260524372688423,0.05346966016512186
synthetic-5b3fe1e755fd23489870,synthetic,smoke,synthetic/synthetic_00093.jpg,0,0.21444066405630652,1,0.655567814320216,-0.024326806884371888,-0.00018976561750837923,0.1124797241226472,0.15307692032574416,0.2885249003225535,0.46195310902866726,0.6856796830413763,0.5411211251096193,1,0.046761655051251294,0.116152080144616,0.14745201138525216,0.25298461087691665,0.22698734490914607,0.8474881622983578,1.590456589478127
synthetic-2159fc4e29f8a18d30b8,synthetic,smoke,synthetic/synthetic_00094.jpg,0,0.18373663361197728,1,0.6787462075883939,-0.02329411240681561,-0.00047416288181907976,0.11686608600390014,0.10630853314779865,0.19354838709677424,0.32940894662837006,0.6252957993420076,0.5470238056035911,1,0.026208652547211452,0.09187612809450832,0.11952435352581472,0.21322141942869488,0.8536775981456599,0.9788215697252899,1.2565408403559464
synthetic-874cdaaa62e8e1645fea,synthetic,smoke,synthetic/synthetic_00095.jpg,0,0.13004023554964683,0,0.5513825802034823,-0.05151038090764801,-0.0029479171498140236,0.07736479501965163,0.08045181047223786,0.14426245016127676,0.21469325409851683,0.4569728953193048,0.5411211251096192,1,0.027013775346266842,0.04490014713235036,0.06761863318428847,0.1348348621424153,0.3058692318640339,-0.33326484664971856,0.35358760389757543
synthetic-ec60c7f243e769efe907,synthetic,smoke,synthetic/synthetic_00096.jpg,0,0.043382043093307274,0,0.5924897009754788,-0.042614969370199554,-0.00294474860260089,0.0864703762360063,0.042088317874979485,0.06451612903225801,0.06253721281513805,0.1057167696027227,0.011404948083653981,0,0.019349136663851695,0.06280960271109533,0.043382043093307274,0.04209610591460338,0.8103788372615033,0.0061822724203503265,-0.32283368678384616
synthetic-fbd67313c4ba1d51e5fb,synthetic,smoke,synthetic/synthetic_00097.jpg,0,0.031763241855798215,0,0.7088127493137122,-0.019190675917157722,-0.0003312954135076436,0.12927556569944898,0.043357500549709556,0.07213122508063836,0.08496278393596012,0.16547754935211292,0.011404948083653981,0,0.06254626794034474,0.031763241855798215,0.04964252645921123,0.03891494999583094,0.5714280776563354,1.280176002600475,0.3062497187958516
synthetic-fe64f7e639688ea68d9d,synthetic,smoke,synthetic/synthetic_00098.jpg,0,0.05658898381796772,0,0.5576767589699269,-0.05483017036949174,-0.0016297309041531857,0.07626113955117515,0.031335629702936484,0.04561979233461593,0.03582174291298614,0.09307907493319924,0.011404948083653981,0,0.04072217793739856,0.047128549434880616,0.02619892542986021,0.02619892542986021,0.7011874929455545,-0.29121964349736895,-0.5380923270017388
synthetic-8a3157d075cb5d2c2015,synthetic,smoke,synthetic/synthetic_00099.jpg,0,0.03157002099030206,0,0.5264563060335224,-0.06626245074745366,-0.00011389491889150782,0.06846681046758686,0.045549118037632126,0.07213122508063836,0.06415144787684453,0.13194830333535074,0.025502239194906278,0,0.015960828922497543,0.016249470035129623,0.016249470035129623,0.060606228703857734,0.08472880572859942,-0.5298368090399341,-0.518061470984257
synthetic-2d93293129ed64040e00,synthetic,smoke,synthetic/synthetic_00100.jpg,0,0.009178242360538345,0,0.6132105283212335,-0.0380685846264266,-0.002696504897064876,0.09257031379151352,0.04335750054970957,0.07213122508063838,0.05685025170101094,0.1517309463486587,0.016129032258064505,0,0.009178242360538345,0.040113199620734355,0.034512933576787315,0.04024225308170047,0.796467658239215,0.20786613096216414,-0.19707032034001404
synthetic-b821e473f3e99e5155b6,synthetic,smoke,synthetic/synthetic_00101.jpg,0,0.04361481556429525,0,0.7033687686834438,-0.020632230523954617,-0.0007070548338859624,0.1263547698088937,0.055379371396482684,0.07213122508063846,0.11492380052585871,0.20471062658885647,0.011404948083653981,0,0.041502595758132504,0.011785305782577452,0.06985434764976578,0.04361481556429525,0.292141021422046,1.1940850883723462,0.3431448643563222
synthetic-36715502f20c17f62e2b,synthetic,smoke,synthetic/synthetic_00102.jpg,0,0.2748840681357952,1,0.7471923784089542,-0.015091802933123108,-0.00018418803986852174,0.14718711115370764,0.17147633521434924,0.3060268703388753,0.46196632648081554,0.6836886496915526,0.569373590863247,1,0.010586459213739633,0.09850207091336981,0.17636967789832297,0.304074680000593,0.3112005785504275,1.6772537225704456,2.0478325364673946
synthetic-d01b1930f3c1f5f9c6a9,synthetic,smoke,synthetic/synthetic_00103.jpg,0,0.01075178573903954,0,0.6672365655358474,-0.024870710501847318,-0.0002970278205905036,0.11256062304436414,0.016129032258064557,0.032258064516129115,0.037421258225268345,0.08882865295035872,0.0,0,0.01075178573903954,0.02058202946346637,0.01075178573903954,0.01075178573903954,0.8319179755498898,0.8799457962824127,-0.08391627012839649
synthetic-f582716937a27a8b8608,synthetic,smoke,synthetic/synthetic_00104.jpg,0,0.020126581438811898,0,0.4152702530341723,-0.13815144406701266,-0.009749292118806735,0.04655433650523764,0.016129032258064557,0.032258064516129115,0.021084128505660115,0.04878686418923009,0.011404948083654021,0,0.020126581438811898,0.020126581438811898,0.020126581438811898,0.018357971654443958,0.6542769780471869,-2.328873510918349,-1.5369308434716786
synthetic-7a68fee6ef0d91d48ef0,synthetic,smoke,synthetic/synthetic_00105.jpg,0,0.0549667326777053,0,0.6260795018758759,-0.03490959325553914,-0.0011657161373953978,0.09666286821680378,0.02150537634408604,0.03225806451612906,0.05935003801079202,0.11004107470906206,0.0,0,0.04741022537059972,0.04741022537059972,0.024979839238696684,0.024979839238696684,0.1901018999602213,0.4065083666610012,-0.2520258666248772
synthetic-4b79223038acf5380e28,synthetic,smoke,synthetic/synthetic_00106.jpg,0,0.008094487778498412,0,0.5904976971609905,-0.045339877533581964,-0.005338781562651676,0.08544846900803778,0.016129032258064502,0.032258064516129004,0.013477996613398517,0.03661395751409141,0.0,0,0.008094487778498412,0.008094487778498412,0.039145474129223555,0.008094487778498412,0.46487541387764997,-0.15450645230287338,-0.5895494922352467
synthetic-b8b6dc33cde3e98aa6a2,synthetic,smoke,synthetic/synthetic_00107.jpg,0,0.02799903794146163,0,0.5690945570535203,-0.05053339507812912,-0.0004883315880221742,0.07933937757652354,0.04462668322443963,0.07213122508063838,0.07921158302773285,0.15883670844385886,0.016129032258064516,0,0.05671511192465027,0.02799903794146163,0.025627949274223658,0.02799903794146163,0.341473472559053,-0.1180961319911564,-0.3171453851001034
synthetic-a760b56ea5fb95d329c5,synthetic,smoke,synthetic/synthetic_00108.jpg,0,0.1613875110681425,1,0.6481692456641065,-0.02978213435960298,-0.0002372240921138906,0.10435386936032769,0.1428228051560932,0.2580645161290323,0.376825594109152,0.6514360020234994,0.03606561254031919,0,0.07144828451829,0.06814169862806015,0.13022515572327928,0.19682748213993487,0.8181151793598876,0.6704729365929202,1.059165649202547
synthetic-a3cf060ba7eb94c70016,synthetic,smoke,synthetic/synthetic_00109.jpg,0,0.03756234697442207,0,0.6509674021888252,-0.029325385304589523,-0.0014778080157940646,0.10546523584093724,0.057606326032897136,0.09123958466923195,0.09809375616790128,0.20203435890072513,0.016129032258064512,0,0.014683272280127972,0.017346864011410088,0.05726028033505333,0.080169795617947,0.9669461316501844,0.6380291899398765,0.11745159561108097
synthetic-3393d91ad758dcd6f7fe,synthetic,smoke,synthetic/synthetic_00110.jpg,0,0.030967320450638647,0,0.629189378442017,-0.03358541396029309,-0.0011014069947285973,0.09791516594190966,0.044315272511394,0.06451612903225806,0.059743538779807016,0.11735023875212691,0.011404948083653992,0,0.03478617164328287,0.03478617164328287,0.05158485372848457,0.06107283209966827,0.10655719856045687,0.44812126016400494,-0.11692710373750609
synthetic-0632fc4b52118f6e87c0,synthetic,smoke,synthetic/synthetic_00111.jpg,0,0.2516825331985968,1,0.6315242251272594,-0.027065064087698383,-0.0009268989943749702,0.10535210821413372,0.16343323656981548,0.275613024042501,0.44147760994108526,0.6702393209177289,0.03225806451612903,0,0.05376262192641447,0.059248590841380455,0.1715641686883843,0.2236675946622599,0.8359720114627394,0.614885018079441,1.1723466796932382
synthetic-24cddeccf3069f0b9f54,synthetic,smoke,synthetic/synthetic_00112.jpg,0,0.022810981444006943,0,0.6126220672569919,-0.03807000675799522,-0.0007152458671959086,0.09225803919900526,0.022809896167307966,0.04561979233461593,0.030455059283533353,0.0748227222747489,0.016129032258064502,0,0.021450894151217578,0.021450894151217578,0.021450894151217578,0.022810981444006943,0.6276699568520071,0.2978755544746762,-0.3092087616078886
synthetic-8b642eace949bab43e8f,synthetic,smoke,synthetic/synthetic_00113.jpg,0,0.043424927217073944,0,0.4558872256769803,-0.11087845606241033,-0.013310241929765085,0.05359135979551365,0.03671197378895801,0.04561979233461597,0.031632530107547754,0.056382750028121556,0.016129032258064516,0,0.017348273107104486,0.043424927217073944,0.018684283340392564,0.04286705541161864,0.40948647610495204,-2.01639026210628,-1.3102871892565657
synthetic-1fb718b07041317f01c4,synthetic,smoke,synthetic/synthetic_00114.jpg,0,0.022533007415403396,0,0.5392132958047778,-0.0634382859586487,-0.005871323269847489,0.07153744207070693,0.016129032258064557,0.032258064516129115,0.013397184102001093,0.03375621381404846,0.0,0,0.022533007415403396,0.022533007415403396,0.04662499640305692,0.022533007415403396,0.4143032960382045,-0.6995936385735062,-0.8333385236279304
synthetic-31e21737b0da8837ffb8,synthetic,smoke,synthetic/synthetic_00115.jpg,0,0.20750602182905717,1,0.6427119619324748,-0.027659676228578966,-0.0009613151828150937,0.10622913305798345,0.12247290255435506,0.18247916933846386,0.37188310254798385,0.5836785720352904,0.016129032258064502,0,0.007625434651867097,0.09856590910733713,0.16387514547861484,0.1843375808143287,0.15108444796615916,0.6581923411454336,0.8410001453035294
synthetic-43013ac0fbbbbf14e23f,synthetic,smoke,synthetic/synthetic_00116.jpg,0,0.03520659435825772,0,0.6243186394514557,-0.03570014291445657,-0.00248615783683602,0.09608563427134917,0.042088317874979526,0.06451612903225812,0.07394547061830951,0.14902817759390516,0.011404948083653981,0,0.07165726701696676,0.03141223990144192,0.04701671619034967,0.03520659435825772,0.11144398233584984,0.3220134086796684,-0.15116594066661612
synthetic-6d1590351b8ec2128f34,synthetic,smoke,synthetic/synthetic_00117.jpg,0,0.04905709885402203,0,0.6415744641404347,-0.03131343079260653,-0.0009761991832760095,0.1020192909300207,0.0313356297029365,0.04561979233461597,0.0245546316205639,0.05030277254043456,0.011404948083653981,0,0.017914264787653688,0.04905709885402203,0.03382775867956592,0.04905709885402203,0.5185572699975468,0.5688593954083281,-0.18674648312117678
synthetic-d74eca40593621210492,synthetic,smoke,synthetic/synthetic_00118.jpg,0,0.00435684042376697,0,0.5841845843298895,-0.045253804703208084,-0.0007814631451462523,0.08372119924960596,0.059486532807774106,0.0967741935483871,0.08453800461090459,0.18457396107558954,0.016129032258064536,0,0.03358198577995707,0.029382636846122245,0.060504724093115504,0.03512264391482026,0.7260908112285159,0.02355019982228619,-0.16252796443949957
synthetic-7d8501b4805ef580bff2,synthetic,smoke,synthetic/synthetic_00119.jpg,0,0.19879035608450135,1,0.5967812451348693,-0.036031343753898985,-0.00022286276502451324,0.09325444216036766,0.12489042894887377,0.18247916933846386,0.36026169515705203,0.586521230672118,0.011404948083653981,0,0.05323876514653802,0.0670616823806556,0.18412807504279943,0.15471881009122068,0.33828179012804016,0.2959900449785028,0.6756748867229163
synthetic-71ff95da0379cde7b462,synthetic,smoke,synthetic/synthetic_00120.jpg,0,0.23118330763585118,1,0.6420519035198271,-0.03088330243800983,-0.0001785248463631317,0.10220474093150554,0.15653554644404014,0.22809896167307978,0.42733208289100527,0.6307579987505176,0.5798346365855779,1,0.03768230752869804,0.06438271078821592,0.21853441076482052,0.2510784832887476,0.17115978368011875,0.6154073646554907,1.3754898571175669
synthetic-ad974baa3758880a1e1c,synthetic,smoke,synthetic/synthetic_00121.jpg,0,0.12939476042622164,0,0.5837019601721596,-0.04123679896742961,-0.00025463884257907743,0.0856314051020921,0.061316765307998185,0.10200895677962511,0.1616406356029201,0.357384902209755,0.022809896167307983,0,0.033250936804388335,0.06049973704808261,0.09214192702064737,0.12227419228764515,0.12767522393815878,0.10775056264626723,0.041271451109344215
synthetic-c3cc99d515e8dde031be,synthetic,smoke,synthetic/synthetic_00122.jpg,0,0.026511985139899222,0,0.5875006036115392,-0.04613752958854903,-0.004324535535902792,0.08456538874635142,0.051272209985191185,0.07213122508063836,0.09333958313106445,0.20682400200530043,0.011404948083654,0,0.0706601032170336,0.020585129899544342,0.02446034154609772,0.020585129899544342,0.14768952603713204,-0.13418627841895878,-0.2739989713263522
synthetic-f2630fba411b4833d554,synthetic,smoke,synthetic/synthetic_00123.jpg,0,0.03490534460358832,0,0.573654102140411,-0.04925869698594559,-0.002628534960679302,0.08072613594877277,0.022809896167308014,0.04561979233461603,0.01440647503944354,0.03744329577247457,0.0,0,0.032796485260521736,0.017955734239172974,0.017955734239172974,0.017955734239172974,0.787139766886694,-0.17681500509519688,-0.561614015523195
synthetic-46e6e702c39360fec58c,synthetic,smoke,synthetic/synthetic_00124.jpg,0,0.03914906481221418,0,0.5929669697558839,-0.043817116947727844,-0.0019252859164883077,0.08618276102815503,0.0420883178749795,0.06451612903225801,0.06440896209227388,0.13451445307303925,0.0,0,0.03914906481221418,0.01769134404008271,0.02975040368001716,0.015241568075413462,0.24234541726043024,0.042528060143600895,-0.29712730401330245
synthetic-fbd483fc829c45d0ca60,synthetic,smoke,synthetic/synthetic_00125.jpg,0,0.21868976292419529,1,0.6419268231894649,-0.02707214945539521,-0.0006419554230664495,0.10507969609346465,0.16506943806084848,0.2885249003225535,0.461038854978048,0.6813208764761363,0.5868574968892661,1,0.03951720267853793,0.05752007397454107,0.15333190457366896,0.267349989897409,0.7399034480069593,0.6625854556625046,1.5631896092586337
synthetic-e27754a4f9384f2c3a49,synthetic,smoke,synthetic/synthetic_00126.jpg,0,0.03239421735807228,0,0.5549893540315022,-0.05716488116052738,-0.004772470251460555,0.0755541533818835,0.055379371396482635,0.0721312250806384,0.09060340578796004,0.17602627519157832,0.01612903225806453,0,0.037269632263090324,0.04666735954607083,0.016142129979211727,0.05463135419894214,0.08420731288502192,-0.4832061792443024,-0.43367455819271644
synthetic-9bf92db49ceb2bd9c58a,synthetic,smoke,synthetic/synthetic_00127.jpg,0,0.028536195324504316,0,0.6904489955873861,-0.022247882926306816,-0.0005540226284982096,0.1209767432152918,0.06267125940587304,0.09123958466923199,0.13037634484870658,0.23264474469038965,0.011404948083653992,0,0.09159836199342977,0.04928281013709776,0.03395524277909522,0.04928281013709776,0.6171006221020253,1.0758023259138807,0.3638352166089389
synthetic-9624421cf2b296918c69,synthetic,smoke,synthetic/synthetic_00128.jpg,0,0.05185963603671475,0,0.4420372251798559,-0.11562092099763739,-0.0024160278755290393,0.051079713038015694,0.016129032258064502,0.032258064516129004,0.04282972743878882,0.0857453267252353,0.0,0,0.010468644659335339,0.03254423949667366,0.03254423949667366,0.03254423949667366,0.36914398868209697,-1.613267396644569,-1.1892671717970547
synthetic-d75ce9674c4deadca094,synthetic,smoke,synthetic/synthetic_00129.jpg,0,0.20890664047165844,1,0.5397215987782261,-0.047715386184643625,-0.0003274912950194178,0.08079884587383564,0.11246913857230507,0.18247916933846386,0.3010728818859076,0.5415699555883791,0.03225806451612906,0,0.05686592427740079,0.05583736038063899,0.16637471761312428,0.20890664047165844,0.20029409674533483,-0.17163231323090422,0.3775953958621062
synthetic-914ca200f0e807216746,synthetic,smoke,synthetic/synthetic_00130.jpg,0,0.045455168690065426,0,0.638094375658325,-0.031813321335474466,-0.00015129969357480927,0.10077339492405657,0.05760632603289717,0.09123958466923202,0.12004680972271335,0.19228295475784676,0.022809896167308,0,0.06614707419000351,0.036243433842442,0.045455168690065426,0.07668511688586971,0.7213803380293241,0.5767363727002989,0.10668245085017555
synthetic-4ae2d67d7b9623003ef7,synthetic,smoke,synthetic/synthetic_00131.jpg,0,0.06165336240361869,0,0.6526245917949065,-0.028841840753426728,-0.00044542930440896744,0.10597758593059795,0.01612903225806453,0.03225806451612906,0.042451255089103614,0.09016141420568899,0.0,0,0.03606114841831223,0.03606114841831223,0.06165336240361869,0.03606114841831223,0.13612774945783757,0.7045660002407489,-0.1571599918773314
synthetic-ee81af69a013b388c28b,synthetic,smoke,synthetic/synthetic_00132.jpg,0,0.11996379067700039,0,0.5605850683946505,-0.05356254493027655,-0.0009786077281698433,0.07708059368801137,0.09030479180288357,0.16129032258064524,0.31769465174742934,0.5902384646972736,0.03606561254031919,0,0.048210431215073575,0.023273553402854374,0.0543605681273281,0.11996379067700039,0.37514671210912,-0.22764099751116557,0.305023483901771
synthetic-acd16c1d185140529b02,synthetic,smoke,synthetic/synthetic_00133.jpg,0,0.028594530719522313,0,0.6019107321668156,-0.04004316617684692,-0.0008635690565694035,0.08894960861013598,0.03671197378895804,0.04561979233461601,0.03717423655313643,0.09538647339784076,0.0,0,0.0727815607633406,0.055620580941272,0.05496502296891137,0.028594530719522313,0.8199614536746831,0.19432310993839763,-0.312806765544916
synthetic-36545ab201d60284fb7a,synthetic,smoke,synthetic/synthetic_00134.jpg,0,0.028811976220052892,0,0.6453244105824508,-0.028871108686526457,-0.0012966214482176795,0.10441461981016219,0.04650688999931659,0.07213122508063838,0.09274907005435927,0.21857158717405323,0.0,0,0.031373443188278775,0.042484195666745564,0.04252620446218383,0.028811976220052892,0.7879271410290045,0.6182822407095239,0.046949416969480275
synthetic-85ce5c3f9a5c8fdba331,synthetic,smoke,synthetic/synthetic_00135.jpg,0,0.030487644257597327,0,0.47191722652027773,-0.09606499140422003,-0.001992964642736475,0.05665292430311336,0.029108675066521993,0.04561979233461593,0.02090546580155159,0.03056913193611545,0.011404948083653981,0,0.060883336102580815,0.030487644257597327,0.06372007854947183,0.060883336102580815,0.6232809277575084,-1.2361753425740902,-1.0077711338653756
synthetic-eaf0b748add327dfbd3d,synthetic,smoke,synthetic/synthetic_00136.jpg,0,0.034573878713309025,0,0.4779505495622325,-0.09740234367928544,-0.016057900846075307,0.05785000331557332,0.016129032258064502,0.032258064516129004,0.02393058572707578,0.04974484361703053,0.0,0,0.02285563449648192,0.034573878713309025,0.034573878713309025,0.034573878713309025,0.9362207537195313,-1.8933136259066843,-1.3472738028248281
synthetic-6ea04119e827c4f073fa,synthetic,smoke,synthetic/synthetic_00137.jpg,0,0.1103053872193183,0,0.6049314145462795,-0.03200624359229602,-0.00046533027653450354,0.1004822606467851,0.07937683844303824,0.13300340727798904,0.2100990097053306,0.4245490525805,0.011404948083654021,0,0.06542910528092546,0.04781473522198877,0.08547083073400255,0.1149884349792967,0.6541352324105535,0.43754297955994575,0.34600857326325407
synthetic-abfed69f86d6fbe8bf91,synthetic,smoke,synthetic/synthetic_00138.jpg,0,0.18013203070891506,1,0.6233679398466395,-0.0358104011234938,-0.002060846493547354,0.09576009735034868,0.0957165337776331,0.17371499377853236,0.27463257186759454,0.555989214729631,0.025502239194906285,0,0.040286933115968544,0.09197616651987037,0.1360163844818124,0.1832383830519098,0.4851580755947986,0.3342639450920137,0.5286428981466056
synthetic-709dc5c622fbae16b76a,synthetic,smoke,synthetic/synthetic_00139.jpg,0,0.01077059777421449,0,0.42192932429322444,-0.1399530448822476,-0.02689678231952801,0.04764123853173006,0.03133562970293658,0.045619792334616084,0.018677117005950716,0.038878884900704576,0.016129032258064557,0,0.023795792401871955,0.023795792401871955,0.03888755274707015,0.01077059777421449,0.08383856267781187,-3.138584515130724,-1.8422758878960568
synthetic-5971eb49d8c4fc13a19b,synthetic,smoke,synthetic/synthetic_00140.jpg,0,0.015661432766312492,0,0.6433125711295883,-0.031276277521061255,-0.001781274890036988,0.1026120208608826,0.04650688999931657,0.07213122508063836,0.08542723660401232,0.19203126729260722,0.011404948083653981,0,0.01740072661685367,0.058773302991179034,0.015661432766312492,0.04626986779528307,0.07879620655508623,0.543563876980911,0.0009884628815447865
synthetic-10ff3056b45592224e58,synthetic,smoke,synthetic/synthetic_00141.jpg,0,0.01522597769502083,0,0.5440887783902201,-0.058788785428341796,-0.0015142284189799057,0.07275307296595872,0.031335629702936484,0.04561979233461593,0.07096508520706495,0.15348191570212588,0.011404948083653981,0,0.021135462601332318,0.029202935740541985,0.021135462601332318,0.02525735681466252,0.8699260175624529,-0.41327204017075536,-0.5333160507927618
synthetic-1fb7b4c483167c442097,synthetic,smoke,synthetic/synthetic_00142.jpg,0,0.09786355247509546,0,0.5667023219656717,-0.05067078265635856,-0.004770558861298117,0.07931493676573961,0.07754660594281416,0.13300340727798904,0.15498606665943568,0.3424214701048105,0.025502239194906292,0,0.03222640245008812,0.058362445965860155,0.037666811284554624,0.09786355247509546,0.8951483820403385,-0.3354345688671176,-0.08011267547368729
synthetic-0bb01fff05624580b1a6,synthetic,smoke,synthetic/synthetic_00143.jpg,0,0.028100395062703103,0,0.6524836222900885,-0.026330928928656072,-0.0008266812964801175,0.10771717971875173,0.05952186995626599,0.09123958466923193,0.11455229929191418,0.2623779436987502,0.016129032258064512,0,0.028100395062703103,0.0302180806148351,0.06761939077894229,0.06650174267213646,0.7360287349562008,0.7299169744416845,0.2073062894077755
synthetic-72e10700d4803d723995,synthetic,smoke,synthetic/synthetic_00144.jpg,0,0.012587987202631143,0,0.5450149029544298,-0.061672185032025824,-0.0067413342971678475,0.07298696388635334,0.032258064516129004,0.06451612903225801,0.03358416988836312,0.0693100918685208,0.011404948083653981,0,0.01867176502342071,0.012587987202631143,0.012587987202631143,0.04383383435814592,0.3167957922174154,-0.6870583866238504,-0.6981722400462639
synthetic-0b323fdb0cd9c06f503d,synthetic,smoke,synthetic/synthetic_00145.jpg,0,0.047882718228230654,0,0.4696236025740282,-0.09242349447122793,-0.001173929821008654,0.056204838488781,0.016129032258064516,0.03225806451612903,0.021572976677034877,0.047334145214122075,0.011404948083653992,0,0.0440845425195737,0.047882718228230654,0.0440845425195737,0.0440845425195737,0.35905872393702554,-1.1760375065864304,-1.0249125095293778
synthetic-b5b8b5af30e60cf8b24f,synthetic,smoke,synthetic/synthetic_00146.jpg,0,0.22934803013987448,1,0.6054167685109887,-0.035371082379887515,-0.0017277394595987053,0.09803159406423972,0.16212108134439965,0.2974046599126738,0.44488803564116813,0.6805751085435463,0.55702474041827,1,0.036892676343466504,0.0758013797750348,0.1453339965628764,0.2516803172345897,0.8376836577212438,0.3174002283939364,1.384235323713937
synthetic-e9400a6e2fdf9ed2d180,synthetic,smoke,synthetic/synthetic_00147.jpg,0,0.25137722998769724,1,0.664282126079726,-0.02668628016583621,-0.0005324325893688725,0.11034802807690522,0.16341985280125249,0.275613024042501,0.45256623595538703,0.6722036345056053,0.55702474041827,1,0.018298762627487503,0.05426617724485445,0.14620350530682857,0.2626723940145547,0.07292282249527327,0.8145274122747679,1.5787697475033378
synthetic-ff314a3bc7228a5ea85c,synthetic,smoke,synthetic/synthetic_00148.jpg,0,0.17162707136797392,1,0.5605477926655915,-0.05446257062608567,-0.006206355322923247,0.0771949101295999,0.13649414330065238,0.22580645161290322,0.39043330812161575,0.6287687152529504,0.041121125109619225,0,0.05282763836178618,0.06925233612358235,0.17162707136797392,0.1394429013208998,0.825797208643,-0.4877762806075173,0.48342909291027325
synthetic-e087c4405ffc4ec387a9,synthetic,smoke,synthetic/synthetic_00149.jpg,0,0.20705991135680926,1,0.6815373294692638,-0.02290721011882879,-0.00025698416322851234,0.11777258841954649,0.10117818928679935,0.1737149937785324,0.2627332369733944,0.5171850107354934,0.025502239194906278,0,0.022018892538158714,0.12734265706613473,0.09779755217301452,0.17898267243026872,0.6661518648726601,1.01378325306382,0.8154065742248089
synthetic-dc75c660ca2e8f1c2dbf,synthetic,smoke,synthetic/synthetic_00150.jpg,0,0.08810272198573776,0,0.5630062304095004,-0.04626598070960668,-0.0012103328887022521,0.08238323011298301,0.05318775390856003,0.09123958466923189,0.10798784710013709,0.21101048612758544,0.025502239194906278,0,0.0181430115017601,0.016303198077640326,0.02921787326279469,0.07312881763328798,0.18472479203154013,-0.0984856374602828,-0.20332235363250936
synthetic-2029105c25ad0a2e6b8e,synthetic,smoke,synthetic/synthetic_00151.jpg,0,0.02043957911112277,0,0.48297149475391155,-0.09430385902592672,-0.017588699353130344,0.05886547656279282,0.03133562970293654,0.04561979233461603,0.019134978801391516,0.0375010271878439,0.011404948083653992,0,0.04952508912852734,0.02043957911112277,0.02043957911112277,0.023084026277152937,0.34117218031186325,-1.908267665865913,-1.2985794780508022
synthetic-f1baeed43873fe7b67c4,synthetic,smoke,synthetic/synthetic_00152.jpg,0,0.02479177240668187,0,0.5259127388992848,-0.07017536688018786,-0.00939878910485794,0.06833687089909672,0.029108675066522,0.045619792334615945,0.04127344809717509,0.07748595948224012,0.0,0,0.01609517156922473,0.02479177240668187,0.02828068913261418,0.02479177240668187,0.32170000532579635,-1.0192073716670038,-0.8777257648496514
synthetic-3211312bf29ee20c84ff,synthetic,smoke,synthetic/synthetic_00153.jpg,0,0.027011349973865558,0,0.5997777235929448,-0.041918118704887763,-0.0027963425104605144,0.08830176595011965,0.0420883178749795,0.06451612903225806,0.06618848700785007,0.1161423994066355,0.011404948083653981,0,0.03785227176407587,0.027011349973865558,0.006344150935461538,0.044492208049498265,0.0043689696607468465,0.06787559230160282,-0.287157039478511
synthetic-dd4e8dd7c57697cfac20,synthetic,smoke,synthetic/synthetic_00154.jpg,0,0.06635332918121961,0,0.5531446589761317,-0.05870371818715182,-0.008480239726590628,0.0750726632944272,0.06223920012119074,0.10200895677962517,0.14810039424443155,0.273968480664353,0.022809896167308,0,0.05467070130106028,0.010839703397665051,0.09363837353847777,0.08575701887455019,0.8454338893272956,-0.6893704854606623,-0.3641572165320514
synthetic-5e05bcf65a67ae19f516,synthetic,smoke,synthetic/synthetic_00155.jpg,0,0.040036659906284265,0,0.5254899133277637,-0.06789708821427821,-0.002453348908039138,0.06821144669812035,0.059833280669311616,0.09123958466923195,0.12219619297229604,0.22894262801267035,0.016129032258064516,0,0.043708448638284936,0.033883798084444146,0.06571435038246731,0.06571435038246731,0.6452658292276519,-0.6648427982865838,-0.42279371979902486
synthetic-b33cd7e93412d124f49e,synthetic,smoke,synthetic/synthetic_00156.jpg,0,0.01778148029869057,0,0.5285619858205597,-0.06803010774469051,-0.006018390245919061,0.06894157768083603,0.02150537634408602,0.03225806451612903,0.03719044446241162,0.08440715191619534,0.0,0,0.017567747764446272,0.017567747764446272,0.01778148029869057,0.01778148029869057,0.7360073580629789,-0.818854344482278,-0.827470365597173
synthetic-d136644a102a714cb89f,synthetic,smoke,synthetic/synthetic_00157.jpg,0,0.084071907569164,0,0.512712223255308,-0.07309617073728775,-0.0010592248636564494,0.0652566748736485,0.030413194889743977,0.045619792334615966,0.054718115454692996,0.08231737615765625,0.0,0,0.014454047045817464,0.014454047045817464,0.05713417492092689,0.05713417492092689,0.20801858030767895,-0.7271194059514374,-0.731311919116106
synthetic-1049b0862378e69d70d5,synthetic,smoke,synthetic/synthetic_00158.jpg,0,0.034490185606260645,0,0.5928502825306157,-0.04422122137681813,-0.003730529631986723,0.08614790538140203,0.05092546212365364,0.07213122508063836,0.11354064346353754,0.19893286296687246,0.011404948083653981,0,0.02068384928399823,0.0107395798062391,0.06493791059076384,0.06493791059076384,0.24696188322257628,-0.04943554724985942,-0.22512450191088862
synthetic-df4c111269e196efa72e,synthetic,smoke,synthetic/synthetic_00159.jpg,0,0.1789707493091102,1,0.6672249706588832,-0.02370078253260311,-0.00013896252367325349,0.11427530776494452,0.13860540298136267,0.2600728305902758,0.4008556472866933,0.6666188347609658,0.5470238056035911,1,0.059502620248094516,0.07410943772473332,0.0802659708954768,0.20856229926598793,0.2448867750538456,0.9190078389620788,1.488362899353736
